Apple Identifier,Begin Date,CMB,Category,Client,Country Code,Currency of Proceeds,Customer Currency,Customer Price,Developer,Developer Proceeds,Device,End Date,Order Type,Parent Identifier,Period,Preserved Pricing,Proceeds Reason,Product Type Identifier,Promo Code,Provider,Provider Country,SKU,Subscription,Supported Platforms,Title,Units,Version,_report_date
6758740138,09/27/2026,,Health & Fitness, ,DE, ,EUR,0.00,Joao Victor Flores da Costa,0.00,iPad,09/27/2026, , , , , ,1, ,APPLE,US,soninho, ,iOS,Sunrise Alarm Clock: Wake Up,1,1.3.0,2026-09-27
6758740138,09/27/2026,,Health & Fitness, ,US, ,USD,0.00,Joao Victor Flores da Costa,0.00,iPhone,09/27/2026, , , , , ,1, ,APPLE,US,soninho, ,iOS,Sunrise Alarm Clock: Wake Up,2,1.3.0,2026-09-27
6758740138,09/27/2026,,Health & Fitness, ,PT, ,EUR,0.00,Joao Victor Flores da Costa,0.00,iPhone,09/27/2026, , , , , ,1, ,APPLE,US,soninho, ,iOS,Sunrise Alarm Clock: Wake Up,1,1.3.0,2026-09-27
6758740138,09/27/2026,,Health & Fitness, ,CN, ,CNY,0.00,Joao Victor Flores da Costa,0.00,iPhone,09/27/2026, , , , , ,1, ,APPLE,US,soninho, ,iOS,Sunrise Alarm Clock: Wake Up,1,1.3.0,2026-09-27
6758740138,09/27/2026,,Health & Fitness, ,AT, ,EUR,0.00,Joao Victor Flores da Costa,0.00,iPhone,09/27/2026, , , , , ,1, ,APPLE,US,soninho, ,iOS,Sunrise Alarm Clock: Wake Up,1,1.3.0,2026-09-27
6758740138,09/27/2026,,Health & Fitness, ,BR,BRL,BRL,0.00,Joao Victor Flores da Costa,0.00,iPhone,09/27/2026, , , , , ,3, ,APPLE,US,soninho, ,iOS,Sunrise Alarm Clock: Wake Up,1,1.3.0,2026-09-27
6758740138,09/26/2026,,Health & Fitness, ,SK, ,EUR,0.00,Joao Victor Flores da Costa,0.00,iPhone,09/26/2026, , , , , ,1, ,APPLE,US,soninho, ,iOS,Sunrise Alarm Clock: Wake Up,1,1.3.0,2026-09-26
6758740138,09/26/2026,,Health & Fitness, ,US, ,USD,0.00,Joao Victor Flores da Costa,0.00,iPhone,09/26/2026, , , , , ,1, ,APPLE,US,soninho, ,iOS,Sunrise Alarm Clock: Wake Up,1,1.3.0,2026-09-26
6758740138,09/26/2026,,Health & Fitness, ,ES,EUR,EUR,0.00,Joao Victor Flores da Costa,0.00,iPhone,09/26/2026, , , , , ,3, ,APPLE,US,soninho, ,iOS,Sunrise Alarm Clock: Wake Up,1,1.3.0,2026-09-26
6758740138,09/26/2026,,Health & Fitness, ,JP, ,JPY,0.00,Joao Victor Flores da Costa,0.00,iPhone,09/26/2026, , , , , ,1, ,APPLE,US,soninho, ,iOS,Sunrise Alarm Clock: Wake Up,1,1.3.0,2026-09-26
6758740138,09/26/2026,,Health & Fitness, ,NL, ,EUR,0.00,Joao Victor Flores da Costa,0.00,iPhone,09/26/2026, , , , , ,1, ,APPLE,US,soninho, ,iOS,Sunrise Alarm Clock: Wake Up,1,1.3.0,2026-09-26
6758740138,09/26/2026,,Health & Fitness, ,ES, ,EUR,0.00,Joao Victor Flores da Costa,0.00,iPhone,09/26/2026, , , , , ,1, ,APPLE,US,soninho, ,iOS,Sunrise Alarm Clock: Wake Up,1,1.3.0,2026-09-26
6758740138,09/25/2026,,Health & Fitness, ,CN, ,CNY,0.00,Joao Victor Flores da Costa,0.00,iPad,09/25/2026, , , , , ,1, ,APPLE,US,soninho, ,iOS,Sunrise Alarm Clock: Wake Up,1,1.3.0,2026-09-25
6758740138,09/25/2026,,Health & Fitness, ,BE, ,EUR,0.00,Joao Victor Flores da Costa,0.00,iPhone,09/25/2026, , , , , ,1, ,APPLE,US,soninho, ,iOS,Sunrise Alarm Clock: Wake Up,1,1.3.0,2026-09-25
6758740138,09/25/2026,,Health & Fitness, ,JP, ,JPY,0.00,Joao Victor Flores da Costa,0.00,iPhone,09/25/2026, , , , , ,1, ,APPLE,US,soninho, ,iOS,Sunrise Alarm Clock: Wake Up,1,1.3.0,2026-09-25
6758740138,09/25/2026,,Health & Fitness, ,PL, ,PLN,0.00,Joao Victor Flores da Costa,0.00,iPhone,09/25/2026, , , , , ,1, ,APPLE,US,soninho, ,iOS,Sunrise Alarm Clock: Wake Up,1,1.3.0,2026-09-25
6758740138,09/24/2026,,Health & Fitness, ,PT, ,EUR,0.00,Joao Victor Flores da Costa,0.00,iPhone,09/24/2026, , , , , ,1, ,APPLE,US,soninho, ,iOS,Sunrise Alarm Clock: Wake Up,1,1.3.0,2026-09-24
6758740138,09/24/2026,,Health & Fitness, ,US, ,USD,0.00,Joao Victor Flores da Costa,0.00,iPhone,09/24/2026, , , , , ,1, ,APPLE,US,soninho, ,iOS,Sunrise Alarm Clock: Wake Up,1,1.3.0,2026-09-24
6758740138,09/24/2026,,Health & Fitness, ,TH, ,THB,0.00,Joao Victor Flores da Costa,0.00,iPhone,09/24/2026, , , , , ,1, ,APPLE,US,soninho, ,iOS,Sunrise Alarm Clock: Wake Up,1,1.3.0,2026-09-24
6758740138,09/24/2026,,Health & Fitness, ,CZ, ,CZK,0.00,Joao Victor Flores da Costa,0.00,iPhone,09/24/2026, , , , , ,1, ,APPLE,US,soninho, ,iOS,Sunrise Alarm Clock: Wake Up,1,1.3.0,2026-09-24
6758740138,09/24/2026,,Health & Fitness, ,FR, ,EUR,0.00,Joao Victor Flores da Costa,0.00,iPhone,09/24/2026, , , , , ,1, ,APPLE,US,soninho, ,iOS,Sunrise Alarm Clock: Wake Up,2,1.3.0,2026-09-24
6758740138,09/24/2026,,Health & Fitness, ,NL, ,EUR,0.00,Joao Victor Flores da Costa,0.00,iPhone,09/24/2026, , , , , ,1, ,APPLE,US,soninho, ,iOS,Sunrise Alarm Clock: Wake Up,1,1.3.0,2026-09-24
6758740138,09/24/2026,,Health & Fitness, ,DE, ,EUR,0.00,Joao Victor Flores da Costa,0.00,iPhone,09/24/2026, , , , , ,1, ,APPLE,US,soninho, ,iOS,Sunrise Alarm Clock: Wake Up,2,1.3.0,2026-09-24
6758740138,09/24/2026,,Health & Fitness, ,CH, ,CHF,0.00,Joao Victor Flores da Costa,0.00,iPhone,09/24/2026, , , , , ,1, ,APPLE,US,soninho, ,iOS,Sunrise Alarm Clock: Wake Up,1,1.3.0,2026-09-24
6758740138,09/23/2026,,Health & Fitness, ,KR, ,KRW,0.00,Joao Victor Flores da Costa,0.00,iPhone,09/23/2026, , , , , ,1, ,APPLE,US,soninho, ,iOS,Sunrise Alarm Clock: Wake Up,1,1.3.0,2026-09-23
6758740138,09/23/2026,,Health & Fitness, ,US, ,USD,0.00,Joao Victor Flores da Costa,0.00,iPhone,09/23/2026, , , , , ,1, ,APPLE,US,soninho, ,iOS,Sunrise Alarm Clock: Wake Up,1,1.3.0,2026-09-23
6758740138,09/23/2026,,Health & Fitness, ,DE, ,EUR,0.00,Joao Victor Flores da Costa,0.00,iPhone,09/23/2026, , , , , ,1, ,APPLE,US,soninho, ,iOS,Sunrise Alarm Clock: Wake Up,1,1.3.0,2026-09-23
6758740138,09/23/2026,,Health & Fitness, ,MX, ,MXN,0.00,Joao Victor Flores da Costa,0.00,iPhone,09/23/2026, , , , , ,1, ,APPLE,US,soninho, ,iOS,Sunrise Alarm Clock: Wake Up,1,1.3.0,2026-09-23
6758740138,09/23/2026,,Health & Fitness, ,FR, ,EUR,0.00,Joao Victor Flores da Costa,0.00,iPhone,09/23/2026, , , , , ,1, ,APPLE,US,soninho, ,iOS,Sunrise Alarm Clock: Wake Up,2,1.3.0,2026-09-23
6758740138,09/23/2026,,Health & Fitness, ,PK, ,PKR,0.00,Joao Victor Flores da Costa,0.00,iPhone,09/23/2026, , , , , ,1, ,APPLE,US,soninho, ,iOS,Sunrise Alarm Clock: Wake Up,1,1.3.0,2026-09-23
6758740138,09/23/2026,,Health & Fitness, ,DZ, ,USD,0.00,Joao Victor Flores da Costa,0.00,iPhone,09/23/2026, , , , , ,1, ,APPLE,US,soninho, ,iOS,Sunrise Alarm Clock: Wake Up,1,1.3.0,2026-09-23
6758740138,09/23/2026,,Health & Fitness, ,ES, ,EUR,0.00,Joao Victor Flores da Costa,0.00,iPhone,09/23/2026, , , , , ,1, ,APPLE,US,soninho, ,iOS,Sunrise Alarm Clock: Wake Up,2,1.3.0,2026-09-23
6758740138,09/22/2026,,Health & Fitness, ,SE, ,SEK,0.00,Joao Victor Flores da Costa,0.00,iPhone,09/22/2026, , , , , ,1, ,APPLE,US,soninho, ,iOS,Sunrise Alarm Clock: Wake Up,1,1.3.0,2026-09-22
6758740138,09/22/2026,,Health & Fitness, ,DE, ,EUR,0.00,Joao Victor Flores da Costa,0.00,iPhone,09/22/2026, , , , , ,1, ,APPLE,US,soninho, ,iOS,Sunrise Alarm Clock: Wake Up,2,1.3.0,2026-09-22
6758740138,09/22/2026,,Health & Fitness, ,BR, ,BRL,0.00,Joao Victor Flores da Costa,0.00,iPhone,09/22/2026, , , , , ,1, ,APPLE,US,soninho, ,iOS,Sunrise Alarm Clock: Wake Up,1,1.3.0,2026-09-22
6758740138,09/22/2026,,Health & Fitness, ,FI, ,EUR,0.00,Joao Victor Flores da Costa,0.00,iPhone,09/22/2026, , , , , ,1, ,APPLE,US,soninho, ,iOS,Sunrise Alarm Clock: Wake Up,1,1.3.0,2026-09-22
6758740138,09/22/2026,,Health & Fitness, ,NO, ,NOK,0.00,Joao Victor Flores da Costa,0.00,iPhone,09/22/2026, , , , , ,1, ,APPLE,US,soninho, ,iOS,Sunrise Alarm Clock: Wake Up,1,1.3.0,2026-09-22
6758740138,09/22/2026,,Health & Fitness, ,US, ,USD,0.00,Joao Victor Flores da Costa,0.00,iPhone,09/22/2026, , , , , ,1, ,APPLE,US,soninho, ,iOS,Sunrise Alarm Clock: Wake Up,3,1.3.0,2026-09-22
6758740138,09/22/2026,,Health & Fitness, ,NP, ,USD,0.00,Joao Victor Flores da Costa,0.00,iPhone,09/22/2026, , , , , ,1, ,APPLE,US,soninho, ,iOS,Sunrise Alarm Clock: Wake Up,1,1.3.0,2026-09-22
6758740138,09/22/2026,,Health & Fitness, ,PL, ,PLN,0.00,Joao Victor Flores da Costa,0.00,iPhone,09/22/2026, , , , , ,1, ,APPLE,US,soninho, ,iOS,Sunrise Alarm Clock: Wake Up,2,1.3.0,2026-09-22
6758740138,09/22/2026,,Health & Fitness, ,AU,AUD,AUD,0.00,Joao Victor Flores da Costa,0.00,iPhone,09/22/2026, , , , , ,7, ,APPLE,US,soninho, ,iOS,Sunrise Alarm Clock: Wake Up,1,1.3.0,2026-09-22
6758740138,09/22/2026,,Health & Fitness, ,ES, ,EUR,0.00,Joao Victor Flores da Costa,0.00,iPhone,09/22/2026, , , , , ,1, ,APPLE,US,soninho, ,iOS,Sunrise Alarm Clock: Wake Up,3,1.3.0,2026-09-22
6758740138,09/22/2026,,Health & Fitness, ,IL, ,ILS,0.00,Joao Victor Flores da Costa,0.00,iPhone,09/22/2026, , , , , ,1, ,APPLE,US,soninho, ,iOS,Sunrise Alarm Clock: Wake Up,1,1.3.0,2026-09-22
6758740138,09/22/2026,,Health & Fitness, ,IN, ,INR,0.00,Joao Victor Flores da Costa,0.00,iPhone,09/22/2026, , , , , ,1, ,APPLE,US,soninho, ,iOS,Sunrise Alarm Clock: Wake Up,1,1.3.0,2026-09-22
6758740138,09/22/2026,,Health & Fitness, ,MD, ,USD,0.00,Joao Victor Flores da Costa,0.00,iPhone,09/22/2026, , , , , ,1, ,APPLE,US,soninho, ,iOS,Sunrise Alarm Clock: Wake Up,1,1.3.0,2026-09-22
6758740138,09/21/2026,,Health & Fitness, ,IQ, ,USD,0.00,Joao Victor Flores da Costa,0.00,iPhone,09/21/2026, , , , , ,1, ,APPLE,US,soninho, ,iOS,Sunrise Alarm Clock: Wake Up,1,1.3.0,2026-09-21
6758740138,09/21/2026,,Health & Fitness, ,DE, ,EUR,0.00,Joao Victor Flores da Costa,0.00,iPad,09/21/2026, , , , , ,1, ,APPLE,US,soninho, ,iOS,Sunrise Alarm Clock: Wake Up,1,1.3.0,2026-09-21
6758740138,09/21/2026,,Health & Fitness, ,IT, ,EUR,0.00,Joao Victor Flores da Costa,0.00,iPad,09/21/2026, , , , , ,1, ,APPLE,US,soninho, ,iOS,Sunrise Alarm Clock: Wake Up,1,1.3.0,2026-09-21
6758740138,09/21/2026,,Health & Fitness, ,US, ,USD,0.00,Joao Victor Flores da Costa,0.00,iPad,09/21/2026, , , , , ,1, ,APPLE,US,soninho, ,iOS,Sunrise Alarm Clock: Wake Up,1,1.3.0,2026-09-21
6758740138,09/21/2026,,Health & Fitness, ,AU, ,AUD,0.00,Joao Victor Flores da Costa,0.00,iPhone,09/21/2026, , , , , ,1, ,APPLE,US,soninho, ,iOS,Sunrise Alarm Clock: Wake Up,1,1.3.0,2026-09-21
6758740138,09/21/2026,,Health & Fitness, ,NL, ,EUR,0.00,Joao Victor Flores da Costa,0.00,iPhone,09/21/2026, , , , , ,1, ,APPLE,US,soninho, ,iOS,Sunrise Alarm Clock: Wake Up,1,1.3.0,2026-09-21
6758740138,09/21/2026,,Health & Fitness, ,DE, ,EUR,0.00,Joao Victor Flores da Costa,0.00,iPhone,09/21/2026, , , , , ,1, ,APPLE,US,soninho, ,iOS,Sunrise Alarm Clock: Wake Up,2,1.3.0,2026-09-21
6758740138,09/21/2026,,Health & Fitness, ,US, ,USD,0.00,Joao Victor Flores da Costa,0.00,iPhone,09/21/2026, , , , , ,1, ,APPLE,US,soninho, ,iOS,Sunrise Alarm Clock: Wake Up,1,1.3.0,2026-09-21
6758740138,09/21/2026,,Health & Fitness, ,JP, ,JPY,0.00,Joao Victor Flores da Costa,0.00,iPhone,09/21/2026, , , , , ,1, ,APPLE,US,soninho, ,iOS,Sunrise Alarm Clock: Wake Up,2,1.3.0,2026-09-21
6758740138,09/21/2026,,Health & Fitness, ,ES, ,EUR,0.00,Joao Victor Flores da Costa,0.00,iPad,09/21/2026, , , , , ,1, ,APPLE,US,soninho, ,iOS,Sunrise Alarm Clock: Wake Up,1,1.3.0,2026-09-21
6758740138,09/21/2026,,Health & Fitness, ,FR, ,EUR,0.00,Joao Victor Flores da Costa,0.00,iPhone,09/21/2026, , , , , ,1, ,APPLE,US,soninho, ,iOS,Sunrise Alarm Clock: Wake Up,1,1.3.0,2026-09-21
6758740138,09/20/2026,,Health & Fitness, ,ID,IDR,IDR,0.00,Joao Victor Flores da Costa,0.00,Desktop,09/20/2026, , , , , ,7, ,APPLE,US,soninho, ,iOS,Sunrise Alarm Clock: Wake Up,1,1.3.0,2026-09-20
6758740138,09/20/2026,,Health & Fitness, ,PL, ,PLN,0.00,Joao Victor Flores da Costa,0.00,iPhone,09/20/2026, , , , , ,1, ,APPLE,US,soninho, ,iOS,Sunrise Alarm Clock: Wake Up,1,1.3.0,2026-09-20
6758740138,09/20/2026,,Health & Fitness, ,ES, ,EUR,0.00,Joao Victor Flores da Costa,0.00,iPhone,09/20/2026, , , , , ,1, ,APPLE,US,soninho, ,iOS,Sunrise Alarm Clock: Wake Up,4,1.3.0,2026-09-20
6758740138,09/20/2026,,Health & Fitness, ,KW, ,USD,0.00,Joao Victor Flores da Costa,0.00,iPhone,09/20/2026, , , , , ,1, ,APPLE,US,soninho, ,iOS,Sunrise Alarm Clock: Wake Up,1,1.3.0,2026-09-20
6758740138,09/20/2026,,Health & Fitness, ,DE, ,EUR,0.00,Joao Victor Flores da Costa,0.00,iPad,09/20/2026, , , , , ,1, ,APPLE,US,soninho, ,iOS,Sunrise Alarm Clock: Wake Up,1,1.3.0,2026-09-20
6758740138,09/20/2026,,Health & Fitness, ,DE, ,EUR,0.00,Joao Victor Flores da Costa,0.00,iPhone,09/20/2026, , , , , ,1, ,APPLE,US,soninho, ,iOS,Sunrise Alarm Clock: Wake Up,1,1.3.0,2026-09-20
6758740138,09/20/2026,,Health & Fitness, ,US, ,USD,0.00,Joao Victor Flores da Costa,0.00,iPhone,09/20/2026, , , , , ,1, ,APPLE,US,soninho, ,iOS,Sunrise Alarm Clock: Wake Up,1,1.3.0,2026-09-20
6758740138,09/20/2026,,Health & Fitness, ,PK, ,PKR,0.00,Joao Victor Flores da Costa,0.00,iPhone,09/20/2026, , , , , ,1, ,APPLE,US,soninho, ,iOS,Sunrise Alarm Clock: Wake Up,1,1.3.0,2026-09-20
6758740138,09/20/2026,,Health & Fitness, ,FR, ,EUR,0.00,Joao Victor Flores da Costa,0.00,iPhone,09/20/2026, , , , , ,1, ,APPLE,US,soninho, ,iOS,Sunrise Alarm Clock: Wake Up,2,1.3.0,2026-09-20
6758740138,09/19/2026,,Health & Fitness, ,CA, ,CAD,0.00,Joao Victor Flores da Costa,0.00,iPhone,09/19/2026, , , , , ,1, ,APPLE,US,soninho, ,iOS,Sunrise Alarm Clock: Wake Up,1,1.3.0,2026-09-19
6758740138,09/19/2026,,Health & Fitness, ,FR, ,EUR,0.00,Joao Victor Flores da Costa,0.00,iPhone,09/19/2026, , , , , ,1, ,APPLE,US,soninho, ,iOS,Sunrise Alarm Clock: Wake Up,1,1.3.0,2026-09-19
6758740138,09/19/2026,,Health & Fitness, ,DE, ,EUR,0.00,Joao Victor Flores da Costa,0.00,iPhone,09/19/2026, , , , , ,1, ,APPLE,US,soninho, ,iOS,Sunrise Alarm Clock: Wake Up,1,1.3.0,2026-09-19
6758740138,09/19/2026,,Health & Fitness, ,NL, ,EUR,0.00,Joao Victor Flores da Costa,0.00,iPhone,09/19/2026, , , , , ,1, ,APPLE,US,soninho, ,iOS,Sunrise Alarm Clock: Wake Up,1,1.3.0,2026-09-19
6758740138,09/19/2026,,Health & Fitness, ,KR, ,KRW,0.00,Joao Victor Flores da Costa,0.00,iPad,09/19/2026, , , , , ,1, ,APPLE,US,soninho, ,iOS,Sunrise Alarm Clock: Wake Up,1,1.3.0,2026-09-19
6758740138,09/19/2026,,Health & Fitness, ,ES, ,EUR,0.00,Joao Victor Flores da Costa,0.00,iPhone,09/19/2026, , , , , ,1, ,APPLE,US,soninho, ,iOS,Sunrise Alarm Clock: Wake Up,1,1.3.0,2026-09-19
6758740138,09/18/2026,,Health & Fitness, ,IQ, ,USD,0.00,Joao Victor Flores da Costa,0.00,iPhone,09/18/2026, , , , , ,1, ,APPLE,US,soninho, ,iOS,Sunrise Alarm Clock: Wake Up,1,1.3.0,2026-09-18
6758740138,09/18/2026,,Health & Fitness, ,MA, ,USD,0.00,Joao Victor Flores da Costa,0.00,iPhone,09/18/2026, , , , , ,1, ,APPLE,US,soninho, ,iOS,Sunrise Alarm Clock: Wake Up,1,1.3.0,2026-09-18
6758740138,09/18/2026,,Health & Fitness, ,ID, ,IDR,0.00,Joao Victor Flores da Costa,0.00,iPhone,09/18/2026, , , , , ,1, ,APPLE,US,soninho, ,iOS,Sunrise Alarm Clock: Wake Up,1,1.3.0,2026-09-18
6758740138,09/18/2026,,Health & Fitness, ,DE, ,EUR,0.00,Joao Victor Flores da Costa,0.00,iPad,09/18/2026, , , , , ,1, ,APPLE,US,soninho, ,iOS,Sunrise Alarm Clock: Wake Up,1,1.3.0,2026-09-18
6758740138,09/18/2026,,Health & Fitness, ,DE, ,EUR,0.00,Joao Victor Flores da Costa,0.00,iPhone,09/18/2026, , , , , ,1, ,APPLE,US,soninho, ,iOS,Sunrise Alarm Clock: Wake Up,1,1.3.0,2026-09-18
6758740138,09/18/2026,,Health & Fitness, ,NL, ,EUR,0.00,Joao Victor Flores da Costa,0.00,iPhone,09/18/2026, , , , , ,1, ,APPLE,US,soninho, ,iOS,Sunrise Alarm Clock: Wake Up,2,1.3.0,2026-09-18
6758740138,09/18/2026,,Health & Fitness, ,AU,AUD,AUD,0.00,Joao Victor Flores da Costa,0.00,iPhone,09/18/2026, , , , , ,3, ,APPLE,US,soninho, ,iOS,Sunrise Alarm Clock: Wake Up,1,1.3.0,2026-09-18
6758740138,09/17/2026,,Health & Fitness, ,MR, ,USD,0.00,Joao Victor Flores da Costa,0.00,iPhone,09/17/2026, , , , , ,1, ,APPLE,US,soninho, ,iOS,Sunrise Alarm Clock: Wake Up,1,1.3.0,2026-09-17
6758740138,09/17/2026,,Health & Fitness, ,JP,JPY,JPY,0.00,Joao Victor Flores da Costa,0.00,iPhone,09/17/2026, , , , , ,7, ,APPLE,US,soninho, ,iOS,Sunrise Alarm Clock: Wake Up,1,1.3.0,2026-09-17
6758740138,09/17/2026,,Health & Fitness, ,SE, ,SEK,0.00,Joao Victor Flores da Costa,0.00,iPhone,09/17/2026, , , , , ,1, ,APPLE,US,soninho, ,iOS,Sunrise Alarm Clock: Wake Up,2,1.3.0,2026-09-17
6758740138,09/17/2026,,Health & Fitness, ,NL, ,EUR,0.00,Joao Victor Flores da Costa,0.00,iPhone,09/17/2026, , , , , ,1, ,APPLE,US,soninho, ,iOS,Sunrise Alarm Clock: Wake Up,1,1.3.0,2026-09-17
6758740138,09/17/2026,,Health & Fitness, ,CA,CAD,CAD,0.00,Joao Victor Flores da Costa,0.00,iPad,09/17/2026, , , , , ,7, ,APPLE,US,soninho, ,iOS,Sunrise Alarm Clock: Wake Up,1,1.3.0,2026-09-17
6758740138,09/17/2026,,Health & Fitness, ,GB, ,GBP,0.00,Joao Victor Flores da Costa,0.00,iPhone,09/17/2026, , , , , ,1, ,APPLE,US,soninho, ,iOS,Sunrise Alarm Clock: Wake Up,1,1.3.0,2026-09-17
6758740138,09/16/2026,,Health & Fitness, ,RO, ,RON,0.00,Joao Victor Flores da Costa,0.00,iPhone,09/16/2026, , , , , ,1, ,APPLE,US,soninho, ,iOS,Sunrise Alarm Clock: Wake Up,1,1.3.0,2026-09-16
6758740138,09/16/2026,,Health & Fitness, ,SE, ,SEK,0.00,Joao Victor Flores da Costa,0.00,iPhone,09/16/2026, , , , , ,1, ,APPLE,US,soninho, ,iOS,Sunrise Alarm Clock: Wake Up,2,1.3.0,2026-09-16
6758740138,09/16/2026,,Health & Fitness, ,CH,CHF,CHF,0.00,Joao Victor Flores da Costa,0.00,iPhone,09/16/2026, , , , , ,7, ,APPLE,US,soninho, ,iOS,Sunrise Alarm Clock: Wake Up,1,1.3.0,2026-09-16
6758740138,09/16/2026,,Health & Fitness, ,ES, ,EUR,0.00,Joao Victor Flores da Costa,0.00,iPhone,09/16/2026, , , , , ,1, ,APPLE,US,soninho, ,iOS,Sunrise Alarm Clock: Wake Up,2,1.3.0,2026-09-16
6758740138,09/16/2026,,Health & Fitness, ,IT, ,EUR,0.00,Joao Victor Flores da Costa,0.00,iPhone,09/16/2026, , , , , ,1, ,APPLE,US,soninho, ,iOS,Sunrise Alarm Clock: Wake Up,2,1.3.0,2026-09-16
6758740138,09/16/2026,,Health & Fitness, ,IL, ,ILS,0.00,Joao Victor Flores da Costa,0.00,iPhone,09/16/2026, , , , , ,1, ,APPLE,US,soninho, ,iOS,Sunrise Alarm Clock: Wake Up,1,1.3.0,2026-09-16
6758740138,09/16/2026,,Health & Fitness, ,NL, ,EUR,0.00,Joao Victor Flores da Costa,0.00,iPhone,09/16/2026, , , , , ,1, ,APPLE,US,soninho, ,iOS,Sunrise Alarm Clock: Wake Up,1,1.3.0,2026-09-16
6758740138,09/16/2026,,Health & Fitness, ,DE, ,EUR,0.00,Joao Victor Flores da Costa,0.00,iPhone,09/16/2026, , , , , ,1, ,APPLE,US,soninho, ,iOS,Sunrise Alarm Clock: Wake Up,1,1.3.0,2026-09-16
6758740138,09/16/2026,,Health & Fitness, ,FR, ,EUR,0.00,Joao Victor Flores da Costa,0.00,iPhone,09/16/2026, , , , , ,1, ,APPLE,US,soninho, ,iOS,Sunrise Alarm Clock: Wake Up,1,1.3.0,2026-09-16
6758740138,09/16/2026,,Health & Fitness, ,MA, ,USD,0.00,Joao Victor Flores da Costa,0.00,iPhone,09/16/2026, , , , , ,1, ,APPLE,US,soninho, ,iOS,Sunrise Alarm Clock: Wake Up,1,1.3.0,2026-09-16
6758740138,09/16/2026,,Health & Fitness, ,AU, ,AUD,0.00,Joao Victor Flores da Costa,0.00,iPhone,09/16/2026, , , , , ,1, ,APPLE,US,soninho, ,iOS,Sunrise Alarm Clock: Wake Up,1,1.3.0,2026-09-16
6758740138,09/15/2026,,Health & Fitness, ,RU,RUB,RUB,0.00,Joao Victor Flores da Costa,0.00,iPhone,09/15/2026, , , , , ,3, ,APPLE,US,soninho, ,iOS,Sunrise Alarm Clock: Wake Up,1,1.3.0,2026-09-15
6758740138,09/15/2026,,Health & Fitness, ,CA, ,CAD,0.00,Joao Victor Flores da Costa,0.00,iPhone,09/15/2026, , , , , ,1, ,APPLE,US,soninho, ,iOS,Sunrise Alarm Clock: Wake Up,2,1.3.0,2026-09-15
6758740138,09/15/2026,,Health & Fitness, ,SA, ,SAR,0.00,Joao Victor Flores da Costa,0.00,iPhone,09/15/2026, , , , , ,1, ,APPLE,US,soninho, ,iOS,Sunrise Alarm Clock: Wake Up,1,1.3.0,2026-09-15
6758740138,09/15/2026,,Health & Fitness, ,FR, ,EUR,0.00,Joao Victor Flores da Costa,0.00,iPhone,09/15/2026, , , , , ,1, ,APPLE,US,soninho, ,iOS,Sunrise Alarm Clock: Wake Up,2,1.3.0,2026-09-15
6758740138,09/15/2026,,Health & Fitness, ,ES, ,EUR,0.00,Joao Victor Flores da Costa,0.00,iPad,09/15/2026, , , , , ,1, ,APPLE,US,soninho, ,iOS,Sunrise Alarm Clock: Wake Up,1,1.3.0,2026-09-15
6758740138,09/15/2026,,Health & Fitness, ,IT, ,EUR,0.00,Joao Victor Flores da Costa,0.00,iPhone,09/15/2026, , , , , ,1, ,APPLE,US,soninho, ,iOS,Sunrise Alarm Clock: Wake Up,1,1.3.0,2026-09-15
6758740138,09/15/2026,,Health & Fitness, ,TW, ,TWD,0.00,Joao Victor Flores da Costa,0.00,iPhone,09/15/2026, , , , , ,1, ,APPLE,US,soninho, ,iOS,Sunrise Alarm Clock: Wake Up,1,1.3.0,2026-09-15
6758740138,09/15/2026,,Health & Fitness, ,BR,BRL,BRL,0.00,Joao Victor Flores da Costa,0.00,iPhone,09/15/2026, , , , , ,3, ,APPLE,US,soninho, ,iOS,Sunrise Alarm Clock: Wake Up,1,1.3.0,2026-09-15
6758740138,09/15/2026,,Health & Fitness, ,US, ,USD,0.00,Joao Victor Flores da Costa,0.00,iPhone,09/15/2026, , , , , ,1, ,APPLE,US,soninho, ,iOS,Sunrise Alarm Clock: Wake Up,1,1.3.0,2026-09-15
6758740138,09/14/2026,,Health & Fitness, ,DE, ,EUR,0.00,Joao Victor Flores da Costa,0.00,iPad,09/14/2026, , , , , ,1, ,APPLE,US,soninho, ,iOS,Sunrise Alarm Clock: Wake Up,1,1.3.0,2026-09-14
6758740138,09/14/2026,,Health & Fitness, ,DE, ,EUR,0.00,Joao Victor Flores da Costa,0.00,iPhone,09/14/2026, , , , , ,1, ,APPLE,US,soninho, ,iOS,Sunrise Alarm Clock: Wake Up,1,1.3.0,2026-09-14
6758740138,09/14/2026,,Health & Fitness, ,FR, ,EUR,0.00,Joao Victor Flores da Costa,0.00,iPhone,09/14/2026, , , , , ,1, ,APPLE,US,soninho, ,iOS,Sunrise Alarm Clock: Wake Up,2,1.3.0,2026-09-14
6758740138,09/14/2026,,Health & Fitness, ,BR,BRL,BRL,0.00,Joao Victor Flores da Costa,0.00,iPhone,09/14/2026, , , , , ,3, ,APPLE,US,soninho, ,iOS,Sunrise Alarm Clock: Wake Up,1,1.3.0,2026-09-14
6758740138,09/14/2026,,Health & Fitness, ,BE, ,EUR,0.00,Joao Victor Flores da Costa,0.00,iPhone,09/14/2026, , , , , ,1, ,APPLE,US,soninho, ,iOS,Sunrise Alarm Clock: Wake Up,1,1.3.0,2026-09-14
6758740138,09/14/2026,,Health & Fitness, ,TW, ,TWD,0.00,Joao Victor Flores da Costa,0.00,iPhone,09/14/2026, , , , , ,1, ,APPLE,US,soninho, ,iOS,Sunrise Alarm Clock: Wake Up,1,1.3.0,2026-09-14
6758740138,09/14/2026,,Health & Fitness, ,PL, ,PLN,0.00,Joao Victor Flores da Costa,0.00,iPhone,09/14/2026, , , , , ,1, ,APPLE,US,soninho, ,iOS,Sunrise Alarm Clock: Wake Up,3,1.3.0,2026-09-14
6758740138,09/14/2026,,Health & Fitness, ,GB, ,GBP,0.00,Joao Victor Flores da Costa,0.00,iPhone,09/14/2026, , , , , ,1, ,APPLE,US,soninho, ,iOS,Sunrise Alarm Clock: Wake Up,1,1.3.0,2026-09-14
6758740138,09/13/2026,,Health & Fitness, ,DE,EUR,EUR,0.00,Joao Victor Flores da Costa,0.00,iPhone,09/13/2026, , , , , ,3, ,APPLE,US,soninho, ,iOS,Sunrise Alarm Clock: Wake Up,1,1.3.0,2026-09-13
6758740138,09/13/2026,,Health & Fitness, ,ES, ,EUR,0.00,Joao Victor Flores da Costa,0.00,iPhone,09/13/2026, , , , , ,1, ,APPLE,US,soninho, ,iOS,Sunrise Alarm Clock: Wake Up,2,1.3.0,2026-09-13
6758740138,09/13/2026,,Health & Fitness, ,FR, ,EUR,0.00,Joao Victor Flores da Costa,0.00,iPhone,09/13/2026, , , , , ,1, ,APPLE,US,soninho, ,iOS,Sunrise Alarm Clock: Wake Up,7,1.3.0,2026-09-13
6758740138,09/13/2026,,Health & Fitness, ,PL, ,PLN,0.00,Joao Victor Flores da Costa,0.00,iPhone,09/13/2026, , , , , ,1, ,APPLE,US,soninho, ,iOS,Sunrise Alarm Clock: Wake Up,1,1.3.0,2026-09-13
6758740138,09/13/2026,,Health & Fitness, ,GB, ,GBP,0.00,Joao Victor Flores da Costa,0.00,iPad,09/13/2026, , , , , ,1, ,APPLE,US,soninho, ,iOS,Sunrise Alarm Clock: Wake Up,1,1.3.0,2026-09-13
6758740138,09/13/2026,,Health & Fitness, ,IT, ,EUR,0.00,Joao Victor Flores da Costa,0.00,iPhone,09/13/2026, , , , , ,1, ,APPLE,US,soninho, ,iOS,Sunrise Alarm Clock: Wake Up,2,1.3.0,2026-09-13
6758740138,09/13/2026,,Health & Fitness, ,PL, ,PLN,0.00,Joao Victor Flores da Costa,0.00,iPad,09/13/2026, , , , , ,1, ,APPLE,US,soninho, ,iOS,Sunrise Alarm Clock: Wake Up,1,1.3.0,2026-09-13
6758740138,09/13/2026,,Health & Fitness, ,CH, ,CHF,0.00,Joao Victor Flores da Costa,0.00,iPhone,09/13/2026, , , , , ,1, ,APPLE,US,soninho, ,iOS,Sunrise Alarm Clock: Wake Up,1,1.3.0,2026-09-13
6758740138,09/13/2026,,Health & Fitness, ,HR, ,EUR,0.00,Joao Victor Flores da Costa,0.00,iPhone,09/13/2026, , , , , ,1, ,APPLE,US,soninho, ,iOS,Sunrise Alarm Clock: Wake Up,1,1.3.0,2026-09-13
6758740138,09/13/2026,,Health & Fitness, ,DE, ,EUR,0.00,Joao Victor Flores da Costa,0.00,iPhone,09/13/2026, , , , , ,1, ,APPLE,US,soninho, ,iOS,Sunrise Alarm Clock: Wake Up,1,1.3.0,2026-09-13
6758740138,09/13/2026,,Health & Fitness, ,NL, ,EUR,0.00,Joao Victor Flores da Costa,0.00,iPhone,09/13/2026, , , , , ,1, ,APPLE,US,soninho, ,iOS,Sunrise Alarm Clock: Wake Up,1,1.3.0,2026-09-13
6758740138,09/12/2026,,Health & Fitness, ,FR, ,EUR,0.00,Joao Victor Flores da Costa,0.00,iPhone,09/12/2026, , , , , ,1, ,APPLE,US,soninho, ,iOS,Sunrise Alarm Clock: Wake Up,2,1.3.0,2026-09-12
6758740138,09/12/2026,,Health & Fitness, ,RO, ,RON,0.00,Joao Victor Flores da Costa,0.00,iPhone,09/12/2026, , , , , ,1, ,APPLE,US,soninho, ,iOS,Sunrise Alarm Clock: Wake Up,1,1.3.0,2026-09-12
6758740138,09/12/2026,,Health & Fitness, ,ES, ,EUR,0.00,Joao Victor Flores da Costa,0.00,iPhone,09/12/2026, , , , , ,1, ,APPLE,US,soninho, ,iOS,Sunrise Alarm Clock: Wake Up,2,1.3.0,2026-09-12
6758740138,09/12/2026,,Health & Fitness, ,BR, ,BRL,0.00,Joao Victor Flores da Costa,0.00,iPhone,09/12/2026, , , , , ,1, ,APPLE,US,soninho, ,iOS,Sunrise Alarm Clock: Wake Up,2,1.3.0,2026-09-12
6758740138,09/12/2026,,Health & Fitness, ,SA, ,SAR,0.00,Joao Victor Flores da Costa,0.00,iPhone,09/12/2026, , , , , ,1, ,APPLE,US,soninho, ,iOS,Sunrise Alarm Clock: Wake Up,1,1.3.0,2026-09-12
6758740138,09/12/2026,,Health & Fitness, ,US,USD,USD,0.00,Joao Victor Flores da Costa,0.00,iPad,09/12/2026, , , , , ,3, ,APPLE,US,soninho, ,iOS,Sunrise Alarm Clock: Wake Up,1,1.3.0,2026-09-12
6758740138,09/12/2026,,Health & Fitness, ,US, ,USD,0.00,Joao Victor Flores da Costa,0.00,iPhone,09/12/2026, , , , , ,1, ,APPLE,US,soninho, ,iOS,Sunrise Alarm Clock: Wake Up,1,1.3.0,2026-09-12
6758740138,09/12/2026,,Health & Fitness, ,GB, ,GBP,0.00,Joao Victor Flores da Costa,0.00,iPad,09/12/2026, , , , , ,1, ,APPLE,US,soninho, ,iOS,Sunrise Alarm Clock: Wake Up,1,1.3.0,2026-09-12
6758740138,09/11/2026,,Health & Fitness, ,BR,BRL,BRL,0.00,Joao Victor Flores da Costa,0.00,iPhone,09/11/2026, , , , , ,3, ,APPLE,US,soninho, ,iOS,Sunrise Alarm Clock: Wake Up,2,1.3.0,2026-09-11
6758740138,09/11/2026,,Health & Fitness, ,IT, ,EUR,0.00,Joao Victor Flores da Costa,0.00,iPhone,09/11/2026, , , , , ,1, ,APPLE,US,soninho, ,iOS,Sunrise Alarm Clock: Wake Up,2,1.3.0,2026-09-11
6758740138,09/11/2026,,Health & Fitness, ,PL, ,PLN,0.00,Joao Victor Flores da Costa,0.00,iPhone,09/11/2026, , , , , ,1, ,APPLE,US,soninho, ,iOS,Sunrise Alarm Clock: Wake Up,1,1.3.0,2026-09-11
6758740138,09/11/2026,,Health & Fitness, ,FR, ,EUR,0.00,Joao Victor Flores da Costa,0.00,iPhone,09/11/2026, , , , , ,1, ,APPLE,US,soninho, ,iOS,Sunrise Alarm Clock: Wake Up,1,1.3.0,2026-09-11
6758740138,09/11/2026,,Health & Fitness, ,DE, ,EUR,0.00,Joao Victor Flores da Costa,0.00,iPhone,09/11/2026, , , , , ,1, ,APPLE,US,soninho, ,iOS,Sunrise Alarm Clock: Wake Up,1,1.3.0,2026-09-11
6758740138,09/11/2026,,Health & Fitness, ,BR, ,BRL,0.00,Joao Victor Flores da Costa,0.00,iPhone,09/11/2026, , , , , ,1, ,APPLE,US,soninho, ,iOS,Sunrise Alarm Clock: Wake Up,1,1.3.0,2026-09-11
6758740138,09/10/2026,,Health & Fitness, ,EC, ,USD,0.00,Joao Victor Flores da Costa,0.00,iPhone,09/10/2026, , , , , ,1, ,APPLE,US,soninho, ,iOS,Sunrise Alarm Clock: Wake Up,1,1.3.0,2026-09-10
6758740138,09/10/2026,,Health & Fitness, ,DE, ,EUR,0.00,Joao Victor Flores da Costa,0.00,iPhone,09/10/2026, , , , , ,1, ,APPLE,US,soninho, ,iOS,Sunrise Alarm Clock: Wake Up,1,1.3.0,2026-09-10
6758740138,09/10/2026,,Health & Fitness, ,BR,BRL,BRL,0.00,Joao Victor Flores da Costa,0.00,iPhone,09/10/2026, , , , , ,7, ,APPLE,US,soninho, ,iOS,Sunrise Alarm Clock: Wake Up,1,1.3.0,2026-09-10
6758740138,09/10/2026,,Health & Fitness, ,IT, ,EUR,0.00,Joao Victor Flores da Costa,0.00,iPhone,09/10/2026, , , , , ,1, ,APPLE,US,soninho, ,iOS,Sunrise Alarm Clock: Wake Up,1,1.3.0,2026-09-10
6758740138,09/10/2026,,Health & Fitness, ,ES,EUR,EUR,0.00,Joao Victor Flores da Costa,0.00,iPhone,09/10/2026, , , , , ,3, ,APPLE,US,soninho, ,iOS,Sunrise Alarm Clock: Wake Up,1,1.3.0,2026-09-10
6758740138,09/10/2026,,Health & Fitness, ,MY, ,MYR,0.00,Joao Victor Flores da Costa,0.00,iPad,09/10/2026, , , , , ,1, ,APPLE,US,soninho, ,iOS,Sunrise Alarm Clock: Wake Up,1,1.3.0,2026-09-10
6758740138,09/09/2026,,Health & Fitness, ,BR,BRL,BRL,0.00,Joao Victor Flores da Costa,0.00,iPhone,09/09/2026, , , , , ,7, ,APPLE,US,soninho, ,iOS,Sunrise Alarm Clock: Wake Up,1,1.3.0,2026-09-09
6758740138,09/09/2026,,Health & Fitness, ,KR, ,KRW,0.00,Joao Victor Flores da Costa,0.00,iPhone,09/09/2026, , , , , ,1, ,APPLE,US,soninho, ,iOS,Sunrise Alarm Clock: Wake Up,1,1.3.0,2026-09-09
6758740138,09/09/2026,,Health & Fitness, ,DE, ,EUR,0.00,Joao Victor Flores da Costa,0.00,iPhone,09/09/2026, , , , , ,1, ,APPLE,US,soninho, ,iOS,Sunrise Alarm Clock: Wake Up,1,1.3.0,2026-09-09
6758740138,09/09/2026,,Health & Fitness, ,IT, ,EUR,0.00,Joao Victor Flores da Costa,0.00,iPad,09/09/2026, , , , , ,1, ,APPLE,US,soninho, ,iOS,Sunrise Alarm Clock: Wake Up,1,1.3.0,2026-09-09
6758740138,09/09/2026,,Health & Fitness, ,US, ,USD,0.00,Joao Victor Flores da Costa,0.00,iPhone,09/09/2026, , , , , ,1, ,APPLE,US,soninho, ,iOS,Sunrise Alarm Clock: Wake Up,1,1.3.0,2026-09-09
6758740138,09/09/2026,,Health & Fitness, ,BR, ,BRL,0.00,Joao Victor Flores da Costa,0.00,iPhone,09/09/2026, , , , , ,1, ,APPLE,US,soninho, ,iOS,Sunrise Alarm Clock: Wake Up,1,1.3.0,2026-09-09
6758740138,09/09/2026,,Health & Fitness, ,VN, ,VND,0.00,Joao Victor Flores da Costa,0.00,iPhone,09/09/2026, , , , , ,1, ,APPLE,US,soninho, ,iOS,Sunrise Alarm Clock: Wake Up,1,1.3.0,2026-09-09
6758740138,09/09/2026,,Health & Fitness, ,GB, ,GBP,0.00,Joao Victor Flores da Costa,0.00,iPhone,09/09/2026, , , , , ,1, ,APPLE,US,soninho, ,iOS,Sunrise Alarm Clock: Wake Up,2,1.3.0,2026-09-09
6758740138,09/09/2026,,Health & Fitness, ,FR, ,EUR,0.00,Joao Victor Flores da Costa,0.00,iPhone,09/09/2026, , , , , ,1, ,APPLE,US,soninho, ,iOS,Sunrise Alarm Clock: Wake Up,3,1.3.0,2026-09-09
6758740138,09/08/2026,,Health & Fitness, ,CA,CAD,CAD,0.00,Joao Victor Flores da Costa,0.00,iPad,09/08/2026, , , , , ,7, ,APPLE,US,soninho, ,iOS,Sunrise Alarm Clock: Wake Up,1,1.3.0,2026-09-08
6758740138,09/08/2026,,Health & Fitness, ,PL, ,PLN,0.00,Joao Victor Flores da Costa,0.00,iPhone,09/08/2026, , , , , ,1, ,APPLE,US,soninho, ,iOS,Sunrise Alarm Clock: Wake Up,1,1.3.0,2026-09-08
6758740138,09/08/2026,,Health & Fitness, ,SA,SAR,SAR,0.00,Joao Victor Flores da Costa,0.00,iPhone,09/08/2026, , , , , ,7, ,APPLE,US,soninho, ,iOS,Sunrise Alarm Clock: Wake Up,1,1.3.0,2026-09-08
6758740138,09/08/2026,,Health & Fitness, ,US, ,USD,0.00,Joao Victor Flores da Costa,0.00,iPad,09/08/2026, , , , , ,1, ,APPLE,US,soninho, ,iOS,Sunrise Alarm Clock: Wake Up,1,1.3.0,2026-09-08
6758740138,09/08/2026,,Health & Fitness, ,AU,AUD,AUD,0.00,Joao Victor Flores da Costa,0.00,iPad,09/08/2026, , , , , ,7, ,APPLE,US,soninho, ,iOS,Sunrise Alarm Clock: Wake Up,1,1.3.0,2026-09-08
6758740138,09/07/2026,,Health & Fitness, ,FR, ,EUR,0.00,Joao Victor Flores da Costa,0.00,iPhone,09/07/2026, , , , , ,1, ,APPLE,US,soninho, ,iOS,Sunrise Alarm Clock: Wake Up,3,1.3.0,2026-09-07
6758740138,09/07/2026,,Health & Fitness, ,PL, ,PLN,0.00,Joao Victor Flores da Costa,0.00,iPhone,09/07/2026, , , , , ,1, ,APPLE,US,soninho, ,iOS,Sunrise Alarm Clock: Wake Up,1,1.3.0,2026-09-07
6758740138,09/06/2026,,Health & Fitness, ,AU, ,AUD,0.00,Joao Victor Flores da Costa,0.00,iPhone,09/06/2026, , , , , ,1, ,APPLE,US,soninho, ,iOS,Sunrise Alarm Clock: Wake Up,1,1.3.0,2026-09-06
6758740138,09/06/2026,,Health & Fitness, ,CA,CAD,CAD,0.00,Joao Victor Flores da Costa,0.00,iPhone,09/06/2026, , , , , ,7, ,APPLE,US,soninho, ,iOS,Sunrise Alarm Clock: Wake Up,2,1.3.0,2026-09-06
6758740138,09/06/2026,,Health & Fitness, ,ES,EUR,EUR,0.00,Joao Victor Flores da Costa,0.00,iPhone,09/06/2026, , , , , ,7, ,APPLE,US,soninho, ,iOS,Sunrise Alarm Clock: Wake Up,5,1.3.0,2026-09-06
6758740138,09/06/2026,,Health & Fitness, ,KH,USD,USD,0.00,Joao Victor Flores da Costa,0.00,iPhone,09/06/2026, , , , , ,7, ,APPLE,US,soninho, ,iOS,Sunrise Alarm Clock: Wake Up,1,1.3.0,2026-09-06
6758740138,09/06/2026,,Health & Fitness, ,CH,CHF,CHF,0.00,Joao Victor Flores da Costa,0.00,iPhone,09/06/2026, , , , , ,7, ,APPLE,US,soninho, ,iOS,Sunrise Alarm Clock: Wake Up,1,1.3.0,2026-09-06
6758740138,09/06/2026,,Health & Fitness, ,EC,USD,USD,0.00,Joao Victor Flores da Costa,0.00,iPhone,09/06/2026, , , , , ,7, ,APPLE,US,soninho, ,iOS,Sunrise Alarm Clock: Wake Up,1,1.3.0,2026-09-06
6758740138,09/06/2026,,Health & Fitness, ,BR,BRL,BRL,0.00,Joao Victor Flores da Costa,0.00,iPhone,09/06/2026, , , , , ,7, ,APPLE,US,soninho, ,iOS,Sunrise Alarm Clock: Wake Up,11,1.3.0,2026-09-06
6758740138,09/06/2026,,Health & Fitness, ,MM,USD,USD,0.00,Joao Victor Flores da Costa,0.00,iPhone,09/06/2026, , , , , ,7, ,APPLE,US,soninho, ,iOS,Sunrise Alarm Clock: Wake Up,1,1.3.0,2026-09-06
6758740138,09/06/2026,,Health & Fitness, ,PE,PEN,PEN,0.00,Joao Victor Flores da Costa,0.00,iPhone,09/06/2026, , , , , ,7, ,APPLE,US,soninho, ,iOS,Sunrise Alarm Clock: Wake Up,1,1.3.0,2026-09-06
6758740138,09/06/2026,,Health & Fitness, ,EE,EUR,EUR,0.00,Joao Victor Flores da Costa,0.00,iPhone,09/06/2026, , , , , ,7, ,APPLE,US,soninho, ,iOS,Sunrise Alarm Clock: Wake Up,1,1.3.0,2026-09-06
6758740138,09/06/2026,,Health & Fitness, ,MX,MXN,MXN,0.00,Joao Victor Flores da Costa,0.00,iPhone,09/06/2026, , , , , ,7, ,APPLE,US,soninho, ,iOS,Sunrise Alarm Clock: Wake Up,2,1.3.0,2026-09-06
6758740138,09/06/2026,,Health & Fitness, ,FI, ,EUR,0.00,Joao Victor Flores da Costa,0.00,iPhone,09/06/2026, , , , , ,1, ,APPLE,US,soninho, ,iOS,Sunrise Alarm Clock: Wake Up,1,1.3.0,2026-09-06
6758740138,09/06/2026,,Health & Fitness, ,SE,SEK,SEK,0.00,Joao Victor Flores da Costa,0.00,iPhone,09/06/2026, , , , , ,7, ,APPLE,US,soninho, ,iOS,Sunrise Alarm Clock: Wake Up,2,1.3.0,2026-09-06
6758740138,09/06/2026,,Health & Fitness, ,ES, ,EUR,0.00,Joao Victor Flores da Costa,0.00,iPhone,09/06/2026, , , , , ,1, ,APPLE,US,soninho, ,iOS,Sunrise Alarm Clock: Wake Up,1,1.3.0,2026-09-06
6758740138,09/06/2026,,Health & Fitness, ,PL,PLN,PLN,0.00,Joao Victor Flores da Costa,0.00,iPhone,09/06/2026, , , , , ,7, ,APPLE,US,soninho, ,iOS,Sunrise Alarm Clock: Wake Up,3,1.3.0,2026-09-06
6758740138,09/06/2026,,Health & Fitness, ,LU,EUR,EUR,0.00,Joao Victor Flores da Costa,0.00,iPhone,09/06/2026, , , , , ,7, ,APPLE,US,soninho, ,iOS,Sunrise Alarm Clock: Wake Up,1,1.3.0,2026-09-06
6758740138,09/06/2026,,Health & Fitness, ,GB,GBP,GBP,0.00,Joao Victor Flores da Costa,0.00,iPad,09/06/2026, , , , , ,7, ,APPLE,US,soninho, ,iOS,Sunrise Alarm Clock: Wake Up,1,1.3.0,2026-09-06
6758740138,09/06/2026,,Health & Fitness, ,FR, ,EUR,0.00,Joao Victor Flores da Costa,0.00,iPad,09/06/2026, , , , , ,1, ,APPLE,US,soninho, ,iOS,Sunrise Alarm Clock: Wake Up,1,1.3.0,2026-09-06
6758740138,09/06/2026,,Health & Fitness, ,BR,BRL,BRL,0.00,Joao Victor Flores da Costa,0.00,iPhone,09/06/2026, , , , , ,3, ,APPLE,US,soninho, ,iOS,Sunrise Alarm Clock: Wake Up,1,1.3.0,2026-09-06
6758740138,09/06/2026,,Health & Fitness, ,RS,EUR,EUR,0.00,Joao Victor Flores da Costa,0.00,iPhone,09/06/2026, , , , , ,7, ,APPLE,US,soninho, ,iOS,Sunrise Alarm Clock: Wake Up,1,1.3.0,2026-09-06
6758740138,09/06/2026,,Health & Fitness, ,DE, ,EUR,0.00,Joao Victor Flores da Costa,0.00,iPhone,09/06/2026, , , , , ,1, ,APPLE,US,soninho, ,iOS,Sunrise Alarm Clock: Wake Up,1,1.3.0,2026-09-06
6758740138,09/06/2026,,Health & Fitness, ,US,USD,USD,0.00,Joao Victor Flores da Costa,0.00,iPhone,09/06/2026, , , , , ,7, ,APPLE,US,soninho, ,iOS,Sunrise Alarm Clock: Wake Up,5,1.3.0,2026-09-06
6758740138,09/06/2026,,Health & Fitness, ,KG,USD,USD,0.00,Joao Victor Flores da Costa,0.00,iPhone,09/06/2026, , , , , ,7, ,APPLE,US,soninho, ,iOS,Sunrise Alarm Clock: Wake Up,1,1.3.0,2026-09-06
6758740138,09/06/2026,,Health & Fitness, ,MA,USD,USD,0.00,Joao Victor Flores da Costa,0.00,iPhone,09/06/2026, , , , , ,7, ,APPLE,US,soninho, ,iOS,Sunrise Alarm Clock: Wake Up,1,1.3.0,2026-09-06
6758740138,09/06/2026,,Health & Fitness, ,AU,AUD,AUD,0.00,Joao Victor Flores da Costa,0.00,iPad,09/06/2026, , , , , ,7, ,APPLE,US,soninho, ,iOS,Sunrise Alarm Clock: Wake Up,1,1.3.0,2026-09-06
6758740138,09/06/2026,,Health & Fitness, ,ZA,ZAR,ZAR,0.00,Joao Victor Flores da Costa,0.00,iPhone,09/06/2026, , , , , ,7, ,APPLE,US,soninho, ,iOS,Sunrise Alarm Clock: Wake Up,1,1.3.0,2026-09-06
6758740138,09/06/2026,,Health & Fitness, ,SE,SEK,SEK,0.00,Joao Victor Flores da Costa,0.00,iPad,09/06/2026, , , , , ,7, ,APPLE,US,soninho, ,iOS,Sunrise Alarm Clock: Wake Up,1,1.3.0,2026-09-06
6758740138,09/06/2026,,Health & Fitness, ,DE,EUR,EUR,0.00,Joao Victor Flores da Costa,0.00,iPhone,09/06/2026, , , , , ,3, ,APPLE,US,soninho, ,iOS,Sunrise Alarm Clock: Wake Up,1,1.3.0,2026-09-06
6758740138,09/06/2026,,Health & Fitness, ,NO, ,NOK,0.00,Joao Victor Flores da Costa,0.00,iPhone,09/06/2026, , , , , ,1, ,APPLE,US,soninho, ,iOS,Sunrise Alarm Clock: Wake Up,1,1.3.0,2026-09-06
6758740138,09/06/2026,,Health & Fitness, ,GB,GBP,GBP,0.00,Joao Victor Flores da Costa,0.00,iPhone,09/06/2026, , , , , ,7, ,APPLE,US,soninho, ,iOS,Sunrise Alarm Clock: Wake Up,1,1.3.0,2026-09-06
6758740138,09/06/2026,,Health & Fitness, ,CO,COP,COP,0.00,Joao Victor Flores da Costa,0.00,iPad,09/06/2026, , , , , ,7, ,APPLE,US,soninho, ,iOS,Sunrise Alarm Clock: Wake Up,1,1.3.0,2026-09-06
6758740138,09/06/2026,,Health & Fitness, ,RO,RON,RON,0.00,Joao Victor Flores da Costa,0.00,iPhone,09/06/2026, , , , , ,7, ,APPLE,US,soninho, ,iOS,Sunrise Alarm Clock: Wake Up,1,1.3.0,2026-09-06
6758740138,09/06/2026,,Health & Fitness, ,FR,EUR,EUR,0.00,Joao Victor Flores da Costa,0.00,iPhone,09/06/2026, , , , , ,7, ,APPLE,US,soninho, ,iOS,Sunrise Alarm Clock: Wake Up,2,1.3.0,2026-09-06
6758740138,09/05/2026,,Health & Fitness, ,CA,CAD,CAD,0.00,Joao Victor Flores da Costa,0.00,iPhone,09/05/2026, , , , , ,7, ,APPLE,US,soninho, ,iOS,Sunrise Alarm Clock: Wake Up,1,1.3.0,2026-09-05
6758740138,09/05/2026,,Health & Fitness, ,MX,MXN,MXN,0.00,Joao Victor Flores da Costa,0.00,iPhone,09/05/2026, , , , , ,7, ,APPLE,US,soninho, ,iOS,Sunrise Alarm Clock: Wake Up,1,1.3.0,2026-09-05
6758740138,09/05/2026,,Health & Fitness, ,CR,USD,USD,0.00,Joao Victor Flores da Costa,0.00,iPad,09/05/2026, , , , , ,7, ,APPLE,US,soninho, ,iOS,Sunrise Alarm Clock: Wake Up,1,1.3.0,2026-09-05
6758740138,09/05/2026,,Health & Fitness, ,CR,USD,USD,0.00,Joao Victor Flores da Costa,0.00,iPhone,09/05/2026, , , , , ,7, ,APPLE,US,soninho, ,iOS,Sunrise Alarm Clock: Wake Up,1,1.3.0,2026-09-05
6758740138,09/05/2026,,Health & Fitness, ,AU, ,AUD,0.00,Joao Victor Flores da Costa,0.00,iPhone,09/05/2026, , , , , ,1, ,APPLE,US,soninho, ,iOS,Sunrise Alarm Clock: Wake Up,1,1.2.0,2026-09-05
6758740138,09/05/2026,,Health & Fitness, ,US,USD,USD,0.00,Joao Victor Flores da Costa,0.00,iPad,09/05/2026, , , , , ,7, ,APPLE,US,soninho, ,iOS,Sunrise Alarm Clock: Wake Up,1,1.3.0,2026-09-05
6758740138,09/05/2026,,Health & Fitness, ,BR,BRL,BRL,0.00,Joao Victor Flores da Costa,0.00,iPhone,09/05/2026, , , , , ,7, ,APPLE,US,soninho, ,iOS,Sunrise Alarm Clock: Wake Up,5,1.3.0,2026-09-05
6758740138,09/05/2026,,Health & Fitness, ,SE,SEK,SEK,0.00,Joao Victor Flores da Costa,0.00,iPhone,09/05/2026, , , , , ,7, ,APPLE,US,soninho, ,iOS,Sunrise Alarm Clock: Wake Up,1,1.3.0,2026-09-05
6758740138,09/05/2026,,Health & Fitness, ,US,USD,USD,0.00,Joao Victor Flores da Costa,0.00,iPhone,09/05/2026, , , , , ,7, ,APPLE,US,soninho, ,iOS,Sunrise Alarm Clock: Wake Up,2,1.3.0,2026-09-05
6758740138,09/05/2026,,Health & Fitness, ,DE,EUR,EUR,0.00,Joao Victor Flores da Costa,0.00,iPhone,09/05/2026, , , , , ,3, ,APPLE,US,soninho, ,iOS,Sunrise Alarm Clock: Wake Up,1,1.2.0,2026-09-05
6758740138,09/05/2026,,Health & Fitness, ,FR, ,EUR,0.00,Joao Victor Flores da Costa,0.00,iPhone,09/05/2026, , , , , ,1, ,APPLE,US,soninho, ,iOS,Sunrise Alarm Clock: Wake Up,1,1.2.0,2026-09-05
6758740138,09/05/2026,,Health & Fitness, ,PL, ,PLN,0.00,Joao Victor Flores da Costa,0.00,iPad,09/05/2026, , , , , ,1, ,APPLE,US,soninho, ,iOS,Sunrise Alarm Clock: Wake Up,1,1.3.0,2026-09-05
6758740138,09/04/2026,,Health & Fitness, ,KR, ,KRW,0.00,Joao Victor Flores da Costa,0.00,iPhone,09/04/2026, , , , , ,1, ,APPLE,US,soninho, ,iOS,Sunrise Alarm Clock: Wake Up,1,1.2.0,2026-09-04
6758740138,09/04/2026,,Health & Fitness, ,BR, ,BRL,0.00,Joao Victor Flores da Costa,0.00,iPhone,09/04/2026, , , , , ,1, ,APPLE,US,soninho, ,iOS,Sunrise Alarm Clock: Wake Up,1,1.2.0,2026-09-04
6758740138,09/04/2026,,Health & Fitness, ,ES, ,EUR,0.00,Joao Victor Flores da Costa,0.00,iPhone,09/04/2026, , , , , ,1, ,APPLE,US,soninho, ,iOS,Sunrise Alarm Clock: Wake Up,1,1.2.0,2026-09-04
6758740138,09/03/2026,,Health & Fitness, ,ES, ,EUR,0.00,Joao Victor Flores da Costa,0.00,iPhone,09/03/2026, , , , , ,1, ,APPLE,US,soninho, ,iOS,Sunrise Alarm Clock: Wake Up,1,1.2.0,2026-09-03
6758740138,09/03/2026,,Health & Fitness, ,VN, ,VND,0.00,Joao Victor Flores da Costa,0.00,iPhone,09/03/2026, , , , , ,1, ,APPLE,US,soninho, ,iOS,Sunrise Alarm Clock: Wake Up,1,1.2.0,2026-09-03
6758740138,09/03/2026,,Health & Fitness, ,US, ,USD,0.00,Joao Victor Flores da Costa,0.00,iPhone,09/03/2026, , , , , ,1, ,APPLE,US,soninho, ,iOS,Sunrise Alarm Clock: Wake Up,1,1.2.0,2026-09-03
6758740138,09/03/2026,,Health & Fitness, ,MX,MXN,MXN,0.00,Joao Victor Flores da Costa,0.00,iPhone,09/03/2026, , , , , ,3, ,APPLE,US,soninho, ,iOS,Sunrise Alarm Clock: Wake Up,1,1.2.0,2026-09-03
6758740138,09/02/2026,,Health & Fitness, ,BR, ,BRL,0.00,Joao Victor Flores da Costa,0.00,iPhone,09/02/2026, , , , , ,1, ,APPLE,US,soninho, ,iOS,Sunrise Alarm Clock: Wake Up,2,1.2.0,2026-09-02
6758740138,09/02/2026,,Health & Fitness, ,BR,BRL,BRL,0.00,Joao Victor Flores da Costa,0.00,iPhone,09/02/2026, , , , , ,3, ,APPLE,US,soninho, ,iOS,Sunrise Alarm Clock: Wake Up,1,1.2.0,2026-09-02
6758740138,09/02/2026,,Health & Fitness, ,AU, ,AUD,0.00,Joao Victor Flores da Costa,0.00,iPhone,09/02/2026, , , , , ,1, ,APPLE,US,soninho, ,iOS,Sunrise Alarm Clock: Wake Up,1,1.2.0,2026-09-02
6758740138,09/02/2026,,Health & Fitness, ,CZ, ,CZK,0.00,Joao Victor Flores da Costa,0.00,iPhone,09/02/2026, , , , , ,1, ,APPLE,US,soninho, ,iOS,Sunrise Alarm Clock: Wake Up,1,1.2.0,2026-09-02
6758740138,09/02/2026,,Health & Fitness, ,PL, ,PLN,0.00,Joao Victor Flores da Costa,0.00,iPhone,09/02/2026, , , , , ,1, ,APPLE,US,soninho, ,iOS,Sunrise Alarm Clock: Wake Up,2,1.2.0,2026-09-02
6758740138,09/02/2026,,Health & Fitness, ,ES,EUR,EUR,0.00,Joao Victor Flores da Costa,0.00,iPhone,09/02/2026, , , , , ,3, ,APPLE,US,soninho, ,iOS,Sunrise Alarm Clock: Wake Up,1,1.2.0,2026-09-02
6758740138,09/02/2026,,Health & Fitness, ,FR,EUR,EUR,0.00,Joao Victor Flores da Costa,0.00,iPhone,09/02/2026, , , , , ,3, ,APPLE,US,soninho, ,iOS,Sunrise Alarm Clock: Wake Up,1,1.2.0,2026-09-02
6758740138,09/02/2026,,Health & Fitness, ,ES, ,EUR,0.00,Joao Victor Flores da Costa,0.00,iPad,09/02/2026, , , , , ,1, ,APPLE,US,soninho, ,iOS,Sunrise Alarm Clock: Wake Up,2,1.2.0,2026-09-02
6758740138,09/01/2026,,Health & Fitness, ,IE, ,EUR,0.00,Joao Victor Flores da Costa,0.00,iPhone,09/01/2026, , , , , ,1, ,APPLE,US,soninho, ,iOS,Sunrise Alarm Clock: Wake Up,1,1.2.0,2026-09-01
6758740138,09/01/2026,,Health & Fitness, ,MA, ,USD,0.00,Joao Victor Flores da Costa,0.00,iPhone,09/01/2026, , , , , ,1, ,APPLE,US,soninho, ,iOS,Sunrise Alarm Clock: Wake Up,1,1.2.0,2026-09-01
6758740138,09/01/2026,,Health & Fitness, ,NL, ,EUR,0.00,Joao Victor Flores da Costa,0.00,iPhone,09/01/2026, , , , , ,1, ,APPLE,US,soninho, ,iOS,Sunrise Alarm Clock: Wake Up,1,1.2.0,2026-09-01
6758740138,09/01/2026,,Health & Fitness, ,FR, ,EUR,0.00,Joao Victor Flores da Costa,0.00,iPhone,09/01/2026, , , , , ,1, ,APPLE,US,soninho, ,iOS,Sunrise Alarm Clock: Wake Up,1,1.2.0,2026-09-01
6758740138,09/01/2026,,Health & Fitness, ,AU, ,AUD,0.00,Joao Victor Flores da Costa,0.00,iPhone,09/01/2026, , , , , ,1, ,APPLE,US,soninho, ,iOS,Sunrise Alarm Clock: Wake Up,1,1.2.0,2026-09-01
6758740138,09/01/2026,,Health & Fitness, ,ES, ,EUR,0.00,Joao Victor Flores da Costa,0.00,iPhone,09/01/2026, , , , , ,1, ,APPLE,US,soninho, ,iOS,Sunrise Alarm Clock: Wake Up,1,1.2.0,2026-09-01
6758740138,09/01/2026,,Health & Fitness, ,CA, ,CAD,0.00,Joao Victor Flores da Costa,0.00,iPhone,09/01/2026, , , , , ,1, ,APPLE,US,soninho, ,iOS,Sunrise Alarm Clock: Wake Up,1,1.2.0,2026-09-01
6758740138,09/01/2026,,Health & Fitness, ,CR,USD,USD,0.00,Joao Victor Flores da Costa,0.00,iPad,09/01/2026, , , , , ,3, ,APPLE,US,soninho, ,iOS,Sunrise Alarm Clock: Wake Up,1,1.2.0,2026-09-01
6758740138,09/01/2026,,Health & Fitness, ,BR, ,BRL,0.00,Joao Victor Flores da Costa,0.00,iPad,09/01/2026, , , , , ,1, ,APPLE,US,soninho, ,iOS,Sunrise Alarm Clock: Wake Up,1,1.2.0,2026-09-01
6758740138,08/31/2026,,Health & Fitness, ,ES, ,EUR,0.00,Joao Victor Flores da Costa,0.00,iPhone,08/31/2026, , , , , ,1, ,APPLE,US,soninho, ,iOS,Sunrise Alarm Clock: Wake Up,1,1.2.0,2026-08-31
6758740138,08/31/2026,,Health & Fitness, ,FR, ,EUR,0.00,Joao Victor Flores da Costa,0.00,iPhone,08/31/2026, , , , , ,1, ,APPLE,US,soninho, ,iOS,Sunrise Alarm Clock: Wake Up,2,1.2.0,2026-08-31
6758740138,08/31/2026,,Health & Fitness, ,PL, ,PLN,0.00,Joao Victor Flores da Costa,0.00,iPhone,08/31/2026, , , , , ,1, ,APPLE,US,soninho, ,iOS,Sunrise Alarm Clock: Wake Up,2,1.2.0,2026-08-31
6758740138,08/31/2026,,Health & Fitness, ,CN,CNY,CNY,0.00,Joao Victor Flores da Costa,0.00,iPhone,08/31/2026, , , , , ,3, ,APPLE,US,soninho, ,iOS,Sunrise Alarm Clock: Wake Up,1,1.2.0,2026-08-31
6758740138,08/31/2026,,Health & Fitness, ,US,USD,USD,0.00,Joao Victor Flores da Costa,0.00,iPad,08/31/2026, , , , , ,3, ,APPLE,US,soninho, ,iOS,Sunrise Alarm Clock: Wake Up,1,1.2.0,2026-08-31
6758740138,08/31/2026,,Health & Fitness, ,US, ,USD,0.00,Joao Victor Flores da Costa,0.00,iPhone,08/31/2026, , , , , ,1, ,APPLE,US,soninho, ,iOS,Sunrise Alarm Clock: Wake Up,1,1.2.0,2026-08-31
6758740138,08/31/2026,,Health & Fitness, ,BR, ,BRL,0.00,Joao Victor Flores da Costa,0.00,iPhone,08/31/2026, , , , , ,1, ,APPLE,US,soninho, ,iOS,Sunrise Alarm Clock: Wake Up,3,1.2.0,2026-08-31
6758740138,08/31/2026,,Health & Fitness, ,CR, ,USD,0.00,Joao Victor Flores da Costa,0.00,iPhone,08/31/2026, , , , , ,1, ,APPLE,US,soninho, ,iOS,Sunrise Alarm Clock: Wake Up,1,1.2.0,2026-08-31
6758740138,08/31/2026,,Health & Fitness, ,MA, ,USD,0.00,Joao Victor Flores da Costa,0.00,iPhone,08/31/2026, , , , , ,1, ,APPLE,US,soninho, ,iOS,Sunrise Alarm Clock: Wake Up,1,1.2.0,2026-08-31
6758740138,08/30/2026,,Health & Fitness, ,CN, ,CNY,0.00,Joao Victor Flores da Costa,0.00,iPhone,08/30/2026, , , , , ,1, ,APPLE,US,soninho, ,iOS,Sunrise Alarm Clock: Wake Up,1,1.2.0,2026-08-30
6758740138,08/30/2026,,Health & Fitness, ,CA, ,CAD,0.00,Joao Victor Flores da Costa,0.00,iPhone,08/30/2026, , , , , ,1, ,APPLE,US,soninho, ,iOS,Sunrise Alarm Clock: Wake Up,1,1.2.0,2026-08-30
6758740138,08/30/2026,,Health & Fitness, ,PL, ,PLN,0.00,Joao Victor Flores da Costa,0.00,iPhone,08/30/2026, , , , , ,1, ,APPLE,US,soninho, ,iOS,Sunrise Alarm Clock: Wake Up,1,1.2.0,2026-08-30
6758740138,08/30/2026,,Health & Fitness, ,FR, ,EUR,0.00,Joao Victor Flores da Costa,0.00,iPhone,08/30/2026, , , , , ,1, ,APPLE,US,soninho, ,iOS,Sunrise Alarm Clock: Wake Up,1,1.2.0,2026-08-30
6758740138,08/30/2026,,Health & Fitness, ,AR, ,USD,0.00,Joao Victor Flores da Costa,0.00,iPhone,08/30/2026, , , , , ,1, ,APPLE,US,soninho, ,iOS,Sunrise Alarm Clock: Wake Up,1,1.2.0,2026-08-30
6758740138,08/30/2026,,Health & Fitness, ,BR, ,BRL,0.00,Joao Victor Flores da Costa,0.00,iPhone,08/30/2026, , , , , ,1, ,APPLE,US,soninho, ,iOS,Sunrise Alarm Clock: Wake Up,1,1.2.0,2026-08-30
6758740138,08/30/2026,,Health & Fitness, ,SE, ,SEK,0.00,Joao Victor Flores da Costa,0.00,iPhone,08/30/2026, , , , , ,1, ,APPLE,US,soninho, ,iOS,Sunrise Alarm Clock: Wake Up,1,1.2.0,2026-08-30
6758740138,08/29/2026,,Health & Fitness, ,BR, ,BRL,0.00,Joao Victor Flores da Costa,0.00,iPhone,08/29/2026, , , , , ,1, ,APPLE,US,soninho, ,iOS,Sunrise Alarm Clock: Wake Up,2,1.2.0,2026-08-29
6758740138,08/29/2026,,Health & Fitness, ,CA, ,CAD,0.00,Joao Victor Flores da Costa,0.00,iPhone,08/29/2026, , , , , ,1, ,APPLE,US,soninho, ,iOS,Sunrise Alarm Clock: Wake Up,1,1.2.0,2026-08-29
6758740138,08/29/2026,,Health & Fitness, ,US,USD,USD,0.00,Joao Victor Flores da Costa,0.00,iPad,08/29/2026, , , , , ,3, ,APPLE,US,soninho, ,iOS,Sunrise Alarm Clock: Wake Up,1,1.2.0,2026-08-29
6758740138,08/28/2026,,Health & Fitness, ,BR,BRL,BRL,0.00,Joao Victor Flores da Costa,0.00,iPhone,08/28/2026, , , , , ,3, ,APPLE,US,soninho, ,iOS,Sunrise Alarm Clock: Wake Up,1,1.2.0,2026-08-28
6758740138,08/27/2026,,Health & Fitness, ,GB, ,GBP,0.00,Joao Victor Flores da Costa,0.00,iPhone,08/27/2026, , , , , ,1, ,APPLE,US,soninho, ,iOS,Sunrise Alarm Clock: Wake Up,1,1.2.0,2026-08-27
6758740138,08/27/2026,,Health & Fitness, ,ES,EUR,EUR,0.00,Joao Victor Flores da Costa,0.00,iPhone,08/27/2026, , , , , ,3, ,APPLE,US,soninho, ,iOS,Sunrise Alarm Clock: Wake Up,1,1.2.0,2026-08-27
6758740138,08/27/2026,,Health & Fitness, ,GB, ,GBP,0.00,Joao Victor Flores da Costa,0.00,iPad,08/27/2026, , , , , ,1, ,APPLE,US,soninho, ,iOS,Sunrise Alarm Clock: Wake Up,1,1.2.0,2026-08-27
6758740138,08/27/2026,,Health & Fitness, ,FR, ,EUR,0.00,Joao Victor Flores da Costa,0.00,iPhone,08/27/2026, , , , , ,1, ,APPLE,US,soninho, ,iOS,Sunrise Alarm Clock: Wake Up,1,1.2.0,2026-08-27
6758740138,08/27/2026,,Health & Fitness, ,US, ,USD,0.00,Joao Victor Flores da Costa,0.00,iPhone,08/27/2026, , , , , ,1, ,APPLE,US,soninho, ,iOS,Sunrise Alarm Clock: Wake Up,1,1.2.0,2026-08-27
6758740138,08/27/2026,,Health & Fitness, ,CA, ,CAD,0.00,Joao Victor Flores da Costa,0.00,iPhone,08/27/2026, , , , , ,1, ,APPLE,US,soninho, ,iOS,Sunrise Alarm Clock: Wake Up,1,1.2.0,2026-08-27
6758740138,08/27/2026,,Health & Fitness, ,DE,EUR,EUR,0.00,Joao Victor Flores da Costa,0.00,iPhone,08/27/2026, , , , , ,3, ,APPLE,US,soninho, ,iOS,Sunrise Alarm Clock: Wake Up,1,1.2.0,2026-08-27
6758740138,08/26/2026,,Health & Fitness, ,ES, ,EUR,0.00,Joao Victor Flores da Costa,0.00,iPhone,08/26/2026, , , , , ,1, ,APPLE,US,soninho, ,iOS,Sunrise Alarm Clock: Wake Up,1,1.2.0,2026-08-26
6758740138,08/26/2026,,Health & Fitness, ,PE, ,PEN,0.00,Joao Victor Flores da Costa,0.00,iPhone,08/26/2026, , , , , ,1, ,APPLE,US,soninho, ,iOS,Sunrise Alarm Clock: Wake Up,1,1.2.0,2026-08-26
6758740138,08/26/2026,,Health & Fitness, ,US, ,USD,0.00,Joao Victor Flores da Costa,0.00,iPhone,08/26/2026, , , , , ,1, ,APPLE,US,soninho, ,iOS,Sunrise Alarm Clock: Wake Up,1,1.2.0,2026-08-26
6758740138,08/25/2026,,Health & Fitness, ,CR, ,USD,0.00,Joao Victor Flores da Costa,0.00,iPad,08/25/2026, , , , , ,1, ,APPLE,US,soninho, ,iOS,Sunrise Alarm Clock: Wake Up,1,1.2.0,2026-08-25
6758740138,08/25/2026,,Health & Fitness, ,BR, ,BRL,0.00,Joao Victor Flores da Costa,0.00,iPhone,08/25/2026, , , , , ,1, ,APPLE,US,soninho, ,iOS,Sunrise Alarm Clock: Wake Up,1,1.2.0,2026-08-25
6758740138,08/25/2026,,Health & Fitness, ,ES, ,EUR,0.00,Joao Victor Flores da Costa,0.00,iPhone,08/25/2026, , , , , ,1, ,APPLE,US,soninho, ,iOS,Sunrise Alarm Clock: Wake Up,2,1.2.0,2026-08-25
6758740138,08/24/2026,,Health & Fitness, ,RS, ,EUR,0.00,Joao Victor Flores da Costa,0.00,iPad,08/24/2026, , , , , ,1, ,APPLE,US,soninho, ,iOS,Sunrise Alarm Clock: Wake Up,1,1.2.0,2026-08-24
6758740138,08/24/2026,,Health & Fitness, ,BR, ,BRL,0.00,Joao Victor Flores da Costa,0.00,iPhone,08/24/2026, , , , , ,1, ,APPLE,US,soninho, ,iOS,Sunrise Alarm Clock: Wake Up,2,1.2.0,2026-08-24
6758740138,08/24/2026,,Health & Fitness, ,SE,SEK,SEK,0.00,Joao Victor Flores da Costa,0.00,iPhone,08/24/2026, , , , , ,3, ,APPLE,US,soninho, ,iOS,Sunrise Alarm Clock: Wake Up,1,1.2.0,2026-08-24
6758740138,08/23/2026,,Health & Fitness, ,BR, ,BRL,0.00,Joao Victor Flores da Costa,0.00,iPhone,08/23/2026, , , , , ,1, ,APPLE,US,soninho, ,iOS,Sunrise Alarm Clock: Wake Up,1,1.2.0,2026-08-23
6758740138,08/23/2026,,Health & Fitness, ,ES, ,EUR,0.00,Joao Victor Flores da Costa,0.00,iPhone,08/23/2026, , , , , ,1, ,APPLE,US,soninho, ,iOS,Sunrise Alarm Clock: Wake Up,2,1.2.0,2026-08-23
6758740138,08/23/2026,,Health & Fitness, ,BR,BRL,BRL,0.00,Joao Victor Flores da Costa,0.00,iPhone,08/23/2026, , , , , ,7, ,APPLE,US,soninho, ,iOS,Sunrise Alarm Clock: Wake Up,2,1.2.0,2026-08-23
6758740138,08/23/2026,,Health & Fitness, ,US, ,USD,0.00,Joao Victor Flores da Costa,0.00,iPad,08/23/2026, , , , , ,1, ,APPLE,US,soninho, ,iOS,Sunrise Alarm Clock: Wake Up,1,1.2.0,2026-08-23
6758740138,08/23/2026,,Health & Fitness, ,TR, ,TRY,0.00,Joao Victor Flores da Costa,0.00,iPhone,08/23/2026, , , , , ,1, ,APPLE,US,soninho, ,iOS,Sunrise Alarm Clock: Wake Up,1,1.2.0,2026-08-23
6758740138,08/23/2026,,Health & Fitness, ,PH, ,PHP,0.00,Joao Victor Flores da Costa,0.00,iPhone,08/23/2026, , , , , ,1, ,APPLE,US,soninho, ,iOS,Sunrise Alarm Clock: Wake Up,1,1.2.0,2026-08-23
6758740138,08/23/2026,,Health & Fitness, ,KH, ,USD,0.00,Joao Victor Flores da Costa,0.00,iPhone,08/23/2026, , , , , ,1, ,APPLE,US,soninho, ,iOS,Sunrise Alarm Clock: Wake Up,1,1.2.0,2026-08-23
6758740138,08/22/2026,,Health & Fitness, ,CA, ,CAD,0.00,Joao Victor Flores da Costa,0.00,iPhone,08/22/2026, , , , , ,1, ,APPLE,US,soninho, ,iOS,Sunrise Alarm Clock: Wake Up,1,1.2.0,2026-08-22
6758740138,08/22/2026,,Health & Fitness, ,FI, ,EUR,0.00,Joao Victor Flores da Costa,0.00,iPhone,08/22/2026, , , , , ,1, ,APPLE,US,soninho, ,iOS,Sunrise Alarm Clock: Wake Up,1,1.2.0,2026-08-22
6758740138,08/20/2026,,Health & Fitness, ,AR, ,USD,0.00,Joao Victor Flores da Costa,0.00,iPhone,08/20/2026, , , , , ,1, ,APPLE,US,soninho, ,iOS,Sunrise Alarm Clock: Wake Up,1,1.2.0,2026-08-20
6758740138,08/20/2026,,Health & Fitness, ,BR, ,BRL,0.00,Joao Victor Flores da Costa,0.00,iPhone,08/20/2026, , , , , ,1, ,APPLE,US,soninho, ,iOS,Sunrise Alarm Clock: Wake Up,2,1.2.0,2026-08-20
6758740138,08/20/2026,,Health & Fitness, ,TR, ,TRY,0.00,Joao Victor Flores da Costa,0.00,iPhone,08/20/2026, , , , , ,1, ,APPLE,US,soninho, ,iOS,Sunrise Alarm Clock: Wake Up,1,1.2.0,2026-08-20
6758740138,08/19/2026,,Health & Fitness, ,MX, ,MXN,0.00,Joao Victor Flores da Costa,0.00,iPhone,08/19/2026, , , , , ,1, ,APPLE,US,soninho, ,iOS,Sunrise Alarm Clock: Wake Up,1,1.2.0,2026-08-19
6758740138,08/19/2026,,Health & Fitness, ,CH,CHF,CHF,0.00,Joao Victor Flores da Costa,0.00,iPhone,08/19/2026, , , , , ,3, ,APPLE,US,soninho, ,iOS,Sunrise Alarm Clock: Wake Up,1,1.2.0,2026-08-19
6758740138,08/19/2026,,Health & Fitness, ,UY, ,USD,0.00,Joao Victor Flores da Costa,0.00,iPhone,08/19/2026, , , , , ,1, ,APPLE,US,soninho, ,iOS,Sunrise Alarm Clock: Wake Up,1,1.2.0,2026-08-19
6758740138,08/19/2026,,Health & Fitness, ,US, ,USD,0.00,Joao Victor Flores da Costa,0.00,iPhone,08/19/2026, , , , , ,1, ,APPLE,US,soninho, ,iOS,Sunrise Alarm Clock: Wake Up,1,1.2.0,2026-08-19
6758740138,08/19/2026,,Health & Fitness, ,BR, ,BRL,0.00,Joao Victor Flores da Costa,0.00,iPhone,08/19/2026, , , , , ,1, ,APPLE,US,soninho, ,iOS,Sunrise Alarm Clock: Wake Up,1,1.2.0,2026-08-19
6758740138,08/18/2026,,Health & Fitness, ,AU, ,AUD,0.00,Joao Victor Flores da Costa,0.00,iPad,08/18/2026, , , , , ,1, ,APPLE,US,soninho, ,iOS,Sunrise Alarm Clock: Wake Up,1,1.2.0,2026-08-18
6758740138,08/18/2026,,Health & Fitness, ,CA, ,CAD,0.00,Joao Victor Flores da Costa,0.00,iPad,08/18/2026, , , , , ,1, ,APPLE,US,soninho, ,iOS,Sunrise Alarm Clock: Wake Up,1,1.2.0,2026-08-18
6758740138,08/18/2026,,Health & Fitness, ,FR, ,EUR,0.00,Joao Victor Flores da Costa,0.00,iPhone,08/18/2026, , , , , ,1, ,APPLE,US,soninho, ,iOS,Sunrise Alarm Clock: Wake Up,1,1.2.0,2026-08-18
6758740138,08/18/2026,,Health & Fitness, ,BE, ,EUR,0.00,Joao Victor Flores da Costa,0.00,iPhone,08/18/2026, , , , , ,1, ,APPLE,US,soninho, ,iOS,Sunrise Alarm Clock: Wake Up,1,1.2.0,2026-08-18
6758740138,08/18/2026,,Health & Fitness, ,BR, ,BRL,0.00,Joao Victor Flores da Costa,0.00,iPhone,08/18/2026, , , , , ,1, ,APPLE,US,soninho, ,iOS,Sunrise Alarm Clock: Wake Up,1,1.2.0,2026-08-18
6758740138,08/17/2026,,Health & Fitness, ,RO, ,RON,0.00,Joao Victor Flores da Costa,0.00,iPhone,08/17/2026, , , , , ,1, ,APPLE,US,soninho, ,iOS,Sunrise Alarm Clock: Wake Up,1,1.2.0,2026-08-17
6758740138,08/17/2026,,Health & Fitness, ,ZA, ,ZAR,0.00,Joao Victor Flores da Costa,0.00,iPhone,08/17/2026, , , , , ,1, ,APPLE,US,soninho, ,iOS,Sunrise Alarm Clock: Wake Up,1,1.2.0,2026-08-17
6758740138,08/17/2026,,Health & Fitness, ,CN, ,CNY,0.00,Joao Victor Flores da Costa,0.00,iPhone,08/17/2026, , , , , ,1, ,APPLE,US,soninho, ,iOS,Sunrise Alarm Clock: Wake Up,1,1.2.0,2026-08-17
6758740138,08/17/2026,,Health & Fitness, ,FJ, ,USD,0.00,Joao Victor Flores da Costa,0.00,iPhone,08/17/2026, , , , , ,1, ,APPLE,US,soninho, ,iOS,Sunrise Alarm Clock: Wake Up,1,1.2.0,2026-08-17
6758740138,08/17/2026,,Health & Fitness, ,DE, ,EUR,0.00,Joao Victor Flores da Costa,0.00,iPhone,08/17/2026, , , , , ,1, ,APPLE,US,soninho, ,iOS,Sunrise Alarm Clock: Wake Up,1,1.2.0,2026-08-17
6758740138,08/17/2026,,Health & Fitness, ,US, ,USD,0.00,Joao Victor Flores da Costa,0.00,iPhone,08/17/2026, , , , , ,1, ,APPLE,US,soninho, ,iOS,Sunrise Alarm Clock: Wake Up,2,1.2.0,2026-08-17
6758740138,08/17/2026,,Health & Fitness, ,RU, ,RUB,0.00,Joao Victor Flores da Costa,0.00,iPhone,08/17/2026, , , , , ,1, ,APPLE,US,soninho, ,iOS,Sunrise Alarm Clock: Wake Up,1,1.2.0,2026-08-17
6758740138,08/17/2026,,Health & Fitness, ,CO, ,COP,0.00,Joao Victor Flores da Costa,0.00,iPad,08/17/2026, , , , , ,1, ,APPLE,US,soninho, ,iOS,Sunrise Alarm Clock: Wake Up,1,1.2.0,2026-08-17
6758740138,08/16/2026,,Health & Fitness, ,FI, ,EUR,0.00,Joao Victor Flores da Costa,0.00,iPhone,08/16/2026, , , , , ,1, ,APPLE,US,soninho, ,iOS,Sunrise Alarm Clock: Wake Up,1,1.2.0,2026-08-16
6758740138,08/16/2026,,Health & Fitness, ,AU, ,AUD,0.00,Joao Victor Flores da Costa,0.00,iPhone,08/16/2026, , , , , ,1, ,APPLE,US,soninho, ,iOS,Sunrise Alarm Clock: Wake Up,1,1.2.0,2026-08-16
6758740138,08/16/2026,,Health & Fitness, ,US, ,USD,0.00,Joao Victor Flores da Costa,0.00,iPad,08/16/2026, , , , , ,1, ,APPLE,US,soninho, ,iOS,Sunrise Alarm Clock: Wake Up,1,1.2.0,2026-08-16
6758740138,08/16/2026,,Health & Fitness, ,AU,AUD,AUD,0.00,Joao Victor Flores da Costa,0.00,Apple Watch,08/16/2026, , , , , ,3, ,APPLE,US,soninho, ,iOS,Sunrise Alarm Clock: Wake Up,1,1.2.0,2026-08-16
6758740138,08/16/2026,,Health & Fitness, ,BR, ,BRL,0.00,Joao Victor Flores da Costa,0.00,iPhone,08/16/2026, , , , , ,1, ,APPLE,US,soninho, ,iOS,Sunrise Alarm Clock: Wake Up,4,1.2.0,2026-08-16
6758740138,08/16/2026,,Health & Fitness, ,SE, ,SEK,0.00,Joao Victor Flores da Costa,0.00,iPhone,08/16/2026, , , , , ,1, ,APPLE,US,soninho, ,iOS,Sunrise Alarm Clock: Wake Up,2,1.2.0,2026-08-16
6758740138,08/16/2026,,Health & Fitness, ,SE,SEK,SEK,0.00,Joao Victor Flores da Costa,0.00,iPad,08/16/2026, , , , , ,3, ,APPLE,US,soninho, ,iOS,Sunrise Alarm Clock: Wake Up,1,1.2.0,2026-08-16
6758740138,08/16/2026,,Health & Fitness, ,AU,AUD,AUD,0.00,Joao Victor Flores da Costa,0.00,iPad,08/16/2026, , , , , ,3, ,APPLE,US,soninho, ,iOS,Sunrise Alarm Clock: Wake Up,1,1.2.0,2026-08-16
6758740138,08/15/2026,,Health & Fitness, ,ID, ,IDR,0.00,Joao Victor Flores da Costa,0.00,Desktop,08/15/2026, , , , , ,1, ,APPLE,US,soninho, ,iOS,Sunrise Alarm Clock: Wake Up,1,1.2.0,2026-08-15
6758740138,08/14/2026,,Health & Fitness, ,SE, ,SEK,0.00,Joao Victor Flores da Costa,0.00,iPhone,08/14/2026, , , , , ,1, ,APPLE,US,soninho, ,iOS,Sunrise Alarm Clock: Wake Up,1,1.2.0,2026-08-14
6758740138,08/13/2026,,Health & Fitness, ,PH, ,PHP,0.00,Joao Victor Flores da Costa,0.00,iPhone,08/13/2026, , , , , ,1, ,APPLE,US,soninho, ,iOS,Sunrise Alarm Clock: Wake Up,1,1.2.0,2026-08-13
6758740138,08/13/2026,,Health & Fitness, ,GB, ,GBP,0.00,Joao Victor Flores da Costa,0.00,iPhone,08/13/2026, , , , , ,1, ,APPLE,US,soninho, ,iOS,Sunrise Alarm Clock: Wake Up,1,1.2.0,2026-08-13
6758740138,08/13/2026,,Health & Fitness, ,KG, ,USD,0.00,Joao Victor Flores da Costa,0.00,iPhone,08/13/2026, , , , , ,1, ,APPLE,US,soninho, ,iOS,Sunrise Alarm Clock: Wake Up,1,1.2.0,2026-08-13
6758740138,08/13/2026,,Health & Fitness, ,US, ,USD,0.00,Joao Victor Flores da Costa,0.00,iPad,08/13/2026, , , , , ,1, ,APPLE,US,soninho, ,iOS,Sunrise Alarm Clock: Wake Up,1,1.2.0,2026-08-13
6758740138,08/12/2026,,Health & Fitness, ,BR, ,BRL,0.00,Joao Victor Flores da Costa,0.00,iPhone,08/12/2026, , , , , ,1, ,APPLE,US,soninho, ,iOS,Sunrise Alarm Clock: Wake Up,3,1.2.0,2026-08-12
6758740138,08/12/2026,,Health & Fitness, ,US, ,USD,0.00,Joao Victor Flores da Costa,0.00,iPad,08/12/2026, , , , , ,1, ,APPLE,US,soninho, ,iOS,Sunrise Alarm Clock: Wake Up,1,1.2.0,2026-08-12
6758740138,08/11/2026,,Health & Fitness, ,SE, ,SEK,0.00,Joao Victor Flores da Costa,0.00,iPhone,08/11/2026, , , , , ,1, ,APPLE,US,soninho, ,iOS,Sunrise Alarm Clock: Wake Up,1,1.2.0,2026-08-11
6758740138,08/11/2026,,Health & Fitness, ,CA, ,CAD,0.00,Joao Victor Flores da Costa,0.00,iPhone,08/11/2026, , , , , ,1, ,APPLE,US,soninho, ,iOS,Sunrise Alarm Clock: Wake Up,1,1.2.0,2026-08-11
6758740138,08/11/2026,,Health & Fitness, ,SA,SAR,SAR,0.00,Joao Victor Flores da Costa,0.00,iPhone,08/11/2026, , , , , ,7, ,APPLE,US,soninho, ,iOS,Sunrise Alarm Clock: Wake Up,3,1.2.0,2026-08-11
6758740138,08/11/2026,,Health & Fitness, ,JP,JPY,JPY,0.00,Joao Victor Flores da Costa,0.00,iPhone,08/11/2026, , , , , ,7, ,APPLE,US,soninho, ,iOS,Sunrise Alarm Clock: Wake Up,1,1.2.0,2026-08-11
6758740138,08/10/2026,,Health & Fitness, ,CA, ,CAD,0.00,Joao Victor Flores da Costa,0.00,iPhone,08/10/2026, , , , , ,1, ,APPLE,US,soninho, ,iOS,Sunrise Alarm Clock: Wake Up,1,1.2.0,2026-08-10
6758740138,08/10/2026,,Health & Fitness, ,GB, ,GBP,0.00,Joao Victor Flores da Costa,0.00,iPhone,08/10/2026, , , , , ,1, ,APPLE,US,soninho, ,iOS,Sunrise Alarm Clock: Wake Up,1,1.2.0,2026-08-10
6758740138,08/10/2026,,Health & Fitness, ,FR, ,EUR,0.00,Joao Victor Flores da Costa,0.00,iPhone,08/10/2026, , , , , ,1, ,APPLE,US,soninho, ,iOS,Sunrise Alarm Clock: Wake Up,1,1.2.0,2026-08-10
6758740138,08/10/2026,,Health & Fitness, ,BR, ,BRL,0.00,Joao Victor Flores da Costa,0.00,iPhone,08/10/2026, , , , , ,1, ,APPLE,US,soninho, ,iOS,Sunrise Alarm Clock: Wake Up,1,1.2.0,2026-08-10
6758740138,08/09/2026,,Health & Fitness, ,GB,GBP,GBP,0.00,Joao Victor Flores da Costa,0.00,iPhone,08/09/2026, , , , , ,7, ,APPLE,US,soninho, ,iOS,Sunrise Alarm: Wake Up Clock,1,1.2.0,2026-08-09
6758740138,08/09/2026,,Health & Fitness, ,BR, ,BRL,0.00,Joao Victor Flores da Costa,0.00,iPhone,08/09/2026, , , , , ,1, ,APPLE,US,soninho, ,iOS,Sunrise Alarm Clock: Wake Up,3,1.2.0,2026-08-09
6758740138,08/09/2026,,Health & Fitness, ,SE,SEK,SEK,0.00,Joao Victor Flores da Costa,0.00,iPhone,08/09/2026, , , , , ,7, ,APPLE,US,soninho, ,iOS,Sunrise Alarm Clock: Wake Up,1,1.2.0,2026-08-09
6758740138,08/09/2026,,Health & Fitness, ,BR,BRL,BRL,0.00,Joao Victor Flores da Costa,0.00,iPhone,08/09/2026, , , , , ,7, ,APPLE,US,soninho, ,iOS,Sunrise Alarm Clock: Wake Up,5,1.2.0,2026-08-09
6758740138,08/09/2026,,Health & Fitness, ,MX,MXN,MXN,0.00,Joao Victor Flores da Costa,0.00,iPhone,08/09/2026, , , , , ,7, ,APPLE,US,soninho, ,iOS,Sunrise Alarm Clock: Wake Up,3,1.2.0,2026-08-09
6758740138,08/09/2026,,Health & Fitness, ,RS,EUR,EUR,0.00,Joao Victor Flores da Costa,0.00,iPhone,08/09/2026, , , , , ,7, ,APPLE,US,soninho, ,iOS,Sunrise Alarm Clock: Wake Up,1,1.2.0,2026-08-09
6758740138,08/09/2026,,Health & Fitness, ,MM,USD,USD,0.00,Joao Victor Flores da Costa,0.00,iPhone,08/09/2026, , , , , ,7, ,APPLE,US,soninho, ,iOS,Sunrise Alarm Clock: Wake Up,1,1.2.0,2026-08-09
6758740138,08/09/2026,,Health & Fitness, ,EE,EUR,EUR,0.00,Joao Victor Flores da Costa,0.00,iPhone,08/09/2026, , , , , ,7, ,APPLE,US,soninho, ,iOS,Sunrise Alarm Clock: Wake Up,1,1.2.0,2026-08-09
6758740138,08/09/2026,,Health & Fitness, ,NL,EUR,EUR,0.00,Joao Victor Flores da Costa,0.00,iPhone,08/09/2026, , , , , ,7, ,APPLE,US,soninho, ,iOS,Sunrise Alarm Clock: Wake Up,1,1.2.0,2026-08-09
6758740138,08/09/2026,,Health & Fitness, ,BE, ,EUR,0.00,Joao Victor Flores da Costa,0.00,iPhone,08/09/2026, , , , , ,1, ,APPLE,US,soninho, ,iOS,Sunrise Alarm Clock: Wake Up,1,1.2.0,2026-08-09
6758740138,08/09/2026,,Health & Fitness, ,CA, ,CAD,0.00,Joao Victor Flores da Costa,0.00,iPhone,08/09/2026, , , , , ,1, ,APPLE,US,soninho, ,iOS,Sunrise Alarm Clock: Wake Up,1,1.2.0,2026-08-09
6758740138,08/09/2026,,Health & Fitness, ,FJ, ,USD,0.00,Joao Victor Flores da Costa,0.00,iPhone,08/09/2026, , , , , ,1, ,APPLE,US,soninho, ,iOS,Sunrise Alarm Clock: Wake Up,1,1.2.0,2026-08-09
6758740138,08/09/2026,,Health & Fitness, ,RU,RUB,RUB,0.00,Joao Victor Flores da Costa,0.00,iPhone,08/09/2026, , , , , ,7, ,APPLE,US,soninho, ,iOS,Sunrise Alarm: Wake Up Clock,1,1.2.0,2026-08-09
6758740138,08/09/2026,,Health & Fitness, ,US, ,USD,0.00,Joao Victor Flores da Costa,0.00,iPhone,08/09/2026, , , , , ,1, ,APPLE,US,soninho, ,iOS,Sunrise Alarm Clock: Wake Up,1,1.2.0,2026-08-09
6758740138,08/09/2026,,Health & Fitness, ,CO, ,COP,0.00,Joao Victor Flores da Costa,0.00,iPhone,08/09/2026, , , , , ,1, ,APPLE,US,soninho, ,iOS,Sunrise Alarm Clock: Wake Up,1,1.2.0,2026-08-09
6758740138,08/09/2026,,Health & Fitness, ,US,USD,USD,0.00,Joao Victor Flores da Costa,0.00,iPhone,08/09/2026, , , , , ,7, ,APPLE,US,soninho, ,iOS,Sunrise Alarm Clock: Wake Up,3,1.2.0,2026-08-09
6758740138,08/09/2026,,Health & Fitness, ,FR,EUR,EUR,0.00,Joao Victor Flores da Costa,0.00,iPhone,08/09/2026, , , , , ,7, ,APPLE,US,soninho, ,iOS,Sunrise Alarm Clock: Wake Up,1,1.2.0,2026-08-09
6758740138,08/09/2026,,Health & Fitness, ,ES,EUR,EUR,0.00,Joao Victor Flores da Costa,0.00,iPhone,08/09/2026, , , , , ,7, ,APPLE,US,soninho, ,iOS,Sunrise Alarm Clock: Wake Up,2,1.2.0,2026-08-09
6758740138,08/09/2026,,Health & Fitness, ,LU,EUR,EUR,0.00,Joao Victor Flores da Costa,0.00,iPhone,08/09/2026, , , , , ,7, ,APPLE,US,soninho, ,iOS,Sunrise Alarm Clock: Wake Up,1,1.2.0,2026-08-09
6758740138,08/09/2026,,Health & Fitness, ,CH, ,CHF,0.00,Joao Victor Flores da Costa,0.00,iPhone,08/09/2026, , , , , ,1, ,APPLE,US,soninho, ,iOS,Sunrise Alarm Clock: Wake Up,1,1.2.0,2026-08-09
6758740138,08/08/2026,,Health & Fitness, ,BR, ,BRL,0.00,Joao Victor Flores da Costa,0.00,iPhone,08/08/2026, , , , , ,1, ,APPLE,US,soninho, ,iOS,Sunrise Alarm Clock: Wake Up,1,1.1.0,2026-08-08
6758740138,08/08/2026,,Health & Fitness, ,PH, ,PHP,0.00,Joao Victor Flores da Costa,0.00,iPhone,08/08/2026, , , , , ,1, ,APPLE,US,soninho, ,iOS,Sunrise Alarm Clock: Wake Up,1,1.1.0,2026-08-08
6758740138,08/08/2026,,Health & Fitness, ,BR,BRL,BRL,0.00,Joao Victor Flores da Costa,0.00,iPhone,08/08/2026, , , , , ,7, ,APPLE,US,soninho, ,iOS,Sunrise Alarm Clock: Wake Up,2,1.2.0,2026-08-08
6758740138,08/08/2026,,Health & Fitness, ,US,USD,USD,0.00,Joao Victor Flores da Costa,0.00,iPhone,08/08/2026, , , , , ,7, ,APPLE,US,soninho, ,iOS,Sunrise Alarm: Wake Up Clock,1,1.2.0,2026-08-08
6758740138,08/08/2026,,Health & Fitness, ,CO,COP,COP,0.00,Joao Victor Flores da Costa,0.00,iPhone,08/08/2026, , , , , ,7, ,APPLE,US,soninho, ,iOS,Sunrise Alarm Clock: Wake Up,1,1.2.0,2026-08-08
6758740138,08/08/2026,,Health & Fitness, ,EC,USD,USD,0.00,Joao Victor Flores da Costa,0.00,iPhone,08/08/2026, , , , , ,7, ,APPLE,US,soninho, ,iOS,Sunrise Alarm Clock: Wake Up,1,1.2.0,2026-08-08
6758740138,08/08/2026,,Health & Fitness, ,BE, ,EUR,0.00,Joao Victor Flores da Costa,0.00,iPhone,08/08/2026, , , , , ,1, ,APPLE,US,soninho, ,iOS,Sunrise Alarm Clock: Wake Up,2,1.1.0,2026-08-08
6758740138,08/07/2026,,Health & Fitness, ,GB, ,GBP,0.00,Joao Victor Flores da Costa,0.00,iPhone,08/07/2026, , , , , ,1, ,APPLE,US,soninho, ,iOS,Sunrise Alarm: Wake Up Clock,1,1.1.0,2026-08-07
6758740138,08/07/2026,,Health & Fitness, ,US, ,USD,0.00,Joao Victor Flores da Costa,0.00,iPhone,08/07/2026, , , , , ,1, ,APPLE,US,soninho, ,iOS,Sunrise Alarm: Wake Up Clock,2,1.1.0,2026-08-07
6758740138,08/06/2026,,Health & Fitness, ,BR, ,BRL,0.00,Joao Victor Flores da Costa,0.00,iPhone,08/06/2026, , , , , ,1, ,APPLE,US,soninho, ,iOS,Sunrise Alarm: Wake Up Clock,1,1.1.0,2026-08-06
6758740138,08/05/2026,,Health & Fitness, ,ES, ,EUR,0.00,Joao Victor Flores da Costa,0.00,iPhone,08/05/2026, , , , , ,1, ,APPLE,US,soninho, ,iOS,Sunrise Alarm: Wake Up Clock,1,1.1.0,2026-08-05
6758740138,08/05/2026,,Health & Fitness, ,BR, ,BRL,0.00,Joao Victor Flores da Costa,0.00,iPhone,08/05/2026, , , , , ,1, ,APPLE,US,soninho, ,iOS,Sunrise Alarm: Wake Up Clock,2,1.1.0,2026-08-05
6758740138,08/04/2026,,Health & Fitness, ,FR, ,EUR,0.00,Joao Victor Flores da Costa,0.00,iPhone,08/04/2026, , , , , ,1, ,APPLE,US,soninho, ,iOS,Sunrise Alarm: Wake Up Clock,1,1.1.0,2026-08-04
6758740138,08/04/2026,,Health & Fitness, ,AU, ,AUD,0.00,Joao Victor Flores da Costa,0.00,iPhone,08/04/2026, , , , , ,1, ,APPLE,US,soninho, ,iOS,Sunrise Alarm: Wake Up Clock,1,1.1.0,2026-08-04
6758740138,08/03/2026,,Health & Fitness, ,SE, ,SEK,0.00,Joao Victor Flores da Costa,0.00,iPhone,08/03/2026, , , , , ,1, ,APPLE,US,soninho, ,iOS,Sunrise Alarm: Wake Up Clock,1,1.1.0,2026-08-03
6758740138,08/02/2026,,Health & Fitness, ,US, ,USD,0.00,Joao Victor Flores da Costa,0.00,iPhone,08/02/2026, , , , , ,1, ,APPLE,US,soninho, ,iOS,Sunrise Alarm: Wake Up Clock,1,1.1.0,2026-08-02
6758740138,08/02/2026,,Health & Fitness, ,BR, ,BRL,0.00,Joao Victor Flores da Costa,0.00,iPhone,08/02/2026, , , , , ,1, ,APPLE,US,soninho, ,iOS,Sunrise Alarm: Wake Up Clock,3,1.1.0,2026-08-02
6758740138,08/02/2026,,Health & Fitness, ,HU, ,HUF,0.00,Joao Victor Flores da Costa,0.00,iPhone,08/02/2026, , , , , ,1, ,APPLE,US,soninho, ,iOS,Sunrise Alarm: Wake Up Clock,1,1.1.0,2026-08-02
6758740138,07/31/2026,,Health & Fitness, ,FR, ,EUR,0.00,Joao Victor Flores da Costa,0.00,iPhone,07/31/2026, , , , , ,1, ,APPLE,US,soninho, ,iOS,Sunrise Alarm: Wake Up Clock,1,1.1.0,2026-07-31
6758740138,07/30/2026,,Health & Fitness, ,BR, ,BRL,0.00,Joao Victor Flores da Costa,0.00,iPhone,07/30/2026, , , , , ,1, ,APPLE,US,soninho, ,iOS,Sunrise Alarm: Wake Up Clock,1,1.1.0,2026-07-30
6758740138,07/30/2026,,Health & Fitness, ,DE, ,EUR,0.00,Joao Victor Flores da Costa,0.00,iPhone,07/30/2026, , , , , ,1, ,APPLE,US,soninho, ,iOS,Sunrise Alarm: Wake Up Clock,1,1.1.0,2026-07-30
