Term,Fit,Pop,Volume Source,Diff,Our Rank,Top3 Owner (ratings),Score,Target Position D28,Protecting/Needed Tokens,CPP Candidate,Notes
langschläfer,FIT,5,astro-only,5,4,Wecker: Laute Alarme ◎ (39); Rooster: Tiefschläfer-Wecker (4); Mornee – Früh aufstehen (0),DOMINATE,#3 (segurar <=4; #1-2 só com ratings),proteger: langschlafer[keywords],,pop não confiável
sunrise alarm clock,FIT,27,astro-only,15,5,Sunrise Alarm Clock  - (1); Sleepwave: Wecker & Schlaf A (1264); Glow Alarm - Aufwachlicht (0),DOMINATE,#3-5,"proteger: sunrise[name], alarm[name], clock[name]","CPP-DE ""Lichtwecker"" (de-DE) — cluster; só ligável se um token deste termo estiver no kw field",pop não confiável
lichtwecker sonnenaufgang,FIT,5,astro-only,13,5,Lichtwecker: Sonnenaufgang (0); Glow Alarm - Aufwachlicht (0); Wake Up Light – Lichtwecker (107),DOMINATE,#3-5,"proteger: licht[subtitle]+wecker[name], sonnenaufgang[keywords]","CPP-DE ""Lichtwecker"" (de-DE) — ligável via ""sonnenaufgang"" (kw field)",pop não confiável
wecker für langschläfer,FIT,5,astro-only,5,5,Wecker: Laute Alarme ◎ (39); Wakezilla: Wecker & Missione (0); Wakora: Wecker mit Aufgaben (1),DOMINATE,#3-5,"proteger: wecker[name], langschlafer[keywords]",,pop não confiável
licht aufwachen,FIT,5,astro-only,11,6,Glow Alarm - Aufwachlicht (0); Wake Up Light – Lichtwecker (107); Lichtwecker: Sonnenaufgang (0),DOMINATE,#3-5,"proteger: licht[subtitle], aufwachen[keywords]","CPP-DE ""Lichtwecker"" (de-DE) — cluster; só ligável se um token deste termo estiver no kw field",pop não confiável
langschlafer,FIT,5,astro-only,5,7,Wecker: Laute Alarme ◎ (39); Mornee – Früh aufstehen (0); Rooster: Tiefschläfer-Wecker (4),DOMINATE,#3-5,proteger: langschlafer[keywords],,pop não confiável
morgenlicht,FIT,5,astro-only,13,7,Lichtwecker: Sonnenaufgang (0); Wecker für mich. (11633); Wake Up Light – Lichtwecker (107),DOMINATE,#3-5,proteger: morgen[keywords]+licht[subtitle],"CPP-DE ""Lichtwecker"" (de-DE) — cluster; só ligável se um token deste termo estiver no kw field",pop não confiável
sonnenaufgang-wecker,FIT,5,astro-only,13,7,Glow Alarm - Aufwachlicht (0); Wake Up Light – Lichtwecker (107); Lichtwecker: Sonnenaufgang (0),DOMINATE,#3-5,"proteger: sonnenaufgang[keywords], wecker[name]","CPP-DE ""Lichtwecker"" (de-DE) — ligável via ""sonnenaufgang"" (kw field)",pop não confiável
wecker langschläfer,FIT,5,astro-only,5,7,Wecker: Laute Alarme ◎ (39); Wecker: Reveille Mission (8); Coop: Hahnwecker (0),DOMINATE,#3-5,"proteger: wecker[name], langschlafer[keywords]",,pop não confiável
wecker mit sonnenaufgang,FIT,5,astro-only,13,7,Wake Up Light – Lichtwecker (107); Glow Alarm - Aufwachlicht (0); Lichtwecker: Sonnenaufgang (0),DOMINATE,#3-5,"proteger: wecker[name], sonnenaufgang[keywords]","CPP-DE ""Lichtwecker"" (de-DE) — ligável via ""sonnenaufgang"" (kw field)",pop não confiável
aufwachlicht,FIT,5,astro-only,11,9,Glow Alarm - Aufwachlicht (0); Wake Up Light – Lichtwecker (107); Lichtwecker: Sonnenaufgang (0),DOMINATE,#3-5,proteger: aufwachen~aufwach[keywords]+licht[subtitle],"CPP-DE ""Lichtwecker"" (de-DE) — cluster; só ligável se um token deste termo estiver no kw field",pop não confiável
sanfter alarm,FIT,5,astro-only,9,9,Sanfter Wecker – Wonderwake (106); Sayama Rise: Sanfter Wecker (0); Musik uhr wecker - Aufwachen (235),DOMINATE,#3-5,"proteger: sanftes~sanfter[subtitle], alarm[name]","CPP-DE ""Lichtwecker"" (de-DE) — cluster; só ligável se um token deste termo estiver no kw field",pop não confiável
sanft aufwachen,FIT,5,astro-only,9,10,Musik uhr wecker - Aufwachen (235); Sanfter Wecker – Wonderwake (106); PureWake - Sanfter Wecker (2),DOMINATE,#3-5,"proteger: sanftes~sanft[subtitle], aufwachen[keywords]","CPP-DE ""Lichtwecker"" (de-DE) — cluster; só ligável se um token deste termo estiver no kw field",pop não confiável
sanft wecken,FIT,5,astro-only,9,11,Soft Alarm - Sanftes Wecken (0); Sanfter Wecker – Wonderwake (106); Musik uhr wecker - Aufwachen (235),DOMINATE,#6-10,"proteger: sanftes~sanft[subtitle], wecker~wecken[name]","CPP-DE ""Lichtwecker"" (de-DE) — cluster; só ligável se um token deste termo estiver no kw field",pop não confiável
tiefschläfer,FIT,5,astro-only,11,11,Rooster: Tiefschläfer-Wecker (4); Wecker für Tiefschläfer: Riz (1); Alarmy – Wecker und Schlaf (14907),DOMINATE,#6-10,proteger: tiefschlafer[subtitle],,pop não confiável
tiefschläfer wecker,FIT,5,astro-only,11,11,Alarmy – Wecker und Schlaf (14907); Rooster: Tiefschläfer-Wecker (4); Wecker: Laute Alarme ◎ (39),DOMINATE,#6-10,"proteger: tiefschlafer[subtitle], wecker[name]",,pop não confiável
tiefschläfer-wecker,FIT,5,astro-only,11,11,Alarmy – Wecker und Schlaf (14907); Rooster: Tiefschläfer-Wecker (4); Wecker: Laute Alarme ◎ (39),DOMINATE,#6-10,"proteger: tiefschlafer[subtitle], wecker[name]",,pop não confiável
wecker tiefschläfer,FIT,5,astro-only,11,11,Alarmy – Wecker und Schlaf (14907); Wecker: Laute Alarme ◎ (39); Waiki: Wecker ohne Schlummer (0),DOMINATE,#6-10,"proteger: wecker[name], tiefschlafer[subtitle]",,pop não confiável
sanftes licht,PARTIAL,5,astro-only,7,12,Nachtlicht & Schlafsounds (51); Baby Light: Rotes Nachtlicht (2); Spiegel ツ (38),DOMINATE,#6-10,"proteger: sanftes[subtitle], licht[subtitle]",,"pop não confiável; PARTIAL: subtitle phrase; SERP de 7/10 nightlights/mirror/puzzle, 3/10 sunrise alarms. Keep tokens as feeders"
sunrise simulator,FIT,5,astro-only,23,13,Sunrise Village: Farm Spiel (5606); Wake Up Light – Lichtwecker (107); Dawn - Sunrise Alarm Lite (0),DOMINATE,#6-10,proteger: sunrise[name] | precisa: simulator,"CPP-DE ""Lichtwecker"" (de-DE) — cluster; só ligável se um token deste termo estiver no kw field",pop não confiável
tiefschlafer,FIT,5,astro-only,11,13,Alarmy – Wecker und Schlaf (14907); Rooster: Tiefschläfer-Wecker (4); Wecker für Tiefschläfer: Riz (1),DOMINATE,#6-10,proteger: tiefschlafer[subtitle],,pop não confiável
sunrise alarm,FIT,9,astro-only,19,14,Glow Alarm - Aufwachlicht (0); Wake Up Light – Lichtwecker (107); Light Alarm — Wake-Up Light (11),DOMINATE,#6-10,"proteger: sunrise[name], alarm[name]","CPP-DE ""Lichtwecker"" (de-DE) — cluster; só ligável se um token deste termo estiver no kw field",pop não confiável
wake,PARTIAL,19,astro-only,46,16,Wayk: Wecker mit Mission (1495); Erly: Wake Up Early (355); Wakie: Mit Freunden reden (277),DOMINATE,#6-10,proteger: wake[name]@en-GB,,"pop não confiável; PARTIAL: bare; SERP de mixes alarms with chat, Waze, wake-on-LAN; tokens via en-GB (índice secundário da loja)"
schlafzyklus wecker,FIT,5,astro-only,38,18,ShutEye - Schlaftracker (15806); Alarmy – Wecker und Schlaf (14907); AutoSleep - Schlaftracker (17557),DOMINATE,#6-10,"proteger: schlafzyklus[keywords], wecker[name]",,pop não confiável
sonnenaufgang licht,PARTIAL,5,astro-only,23,18,Glow Alarm - Aufwachlicht (0); Wake Up Light – Lichtwecker (107); Lichtwecker: Sonnenaufgang (0),DOMINATE,#6-10,"proteger: sonnenaufgang[keywords], licht[subtitle]",,"pop não confiável; PARTIAL: 3/10 sunrise-light alarms, rest sun-position/photography apps"
lauter wecker für tiefschläfer,FIT,5,astro-only,11,20,Alarmy – Wecker und Schlaf (14907); Wecker: Laute Alarme ◎ (39); Wecker mit Aufgaben & Mathe (3),DOMINATE,#6-10,"proteger: laut~lauter[keywords], wecker[name], tiefschlafer[subtitle]",,pop não confiável
wecker sonnenaufgang,FIT,5,astro-only,47,20,Wake Up Light – Lichtwecker (107); Sleepwave: Wecker & Schlaf A (1264); Wecker HD - Alarm Clock (3754),DOMINATE,#6-10,"proteger: wecker[name], sonnenaufgang[keywords]","CPP-DE ""Lichtwecker"" (de-DE) — ligável via ""sonnenaufgang"" (kw field)",pop não confiável
lichtwecker app,FIT,5,astro-only,29,21,Glow Alarm - Aufwachlicht (0); Wake Up Light – Lichtwecker (107); Light Alarm — Wake-Up Light (11),DOMINATE,#12-20,proteger: licht[subtitle]+wecker[name] | precisa: app,"CPP-DE ""Lichtwecker"" (de-DE) — cluster; só ligável se um token deste termo estiver no kw field",pop não confiável
wecker schlafzyklus,FIT,5,astro-only,57,21,Alarmy – Wecker und Schlaf (14907); ShutEye - Schlaftracker (15806); AutoSleep - Schlaftracker (17557),DOMINATE,#12-20,"proteger: wecker[name], schlafzyklus[keywords]",,pop não confiável
alarm für tiefschläfer,FIT,5,astro-only,11,23,Alarmy – Wecker und Schlaf (14907); Wecker: Laute Alarme ◎ (39); Waiki: Wecker ohne Schlummer (0),DOMINATE,#12-20,"proteger: alarm[name], tiefschlafer[subtitle]",,pop não confiável
aufwachmissionen,FIT,5,astro-only,5,23,Missions-Wecker - Aufwach-Ap (0); Wake Boom: Wecker (0); RiseUp: Wecker mit Missionen (1),DOMINATE,#12-20,proteger: aufwachen~aufwach[keywords]+mission~missionen[keywords],,pop não confiável
wecker für tiefschläfer,FIT,5,astro-only,11,23,Alarmy – Wecker und Schlaf (14907); Wecker: Laute Alarme ◎ (39); Wecker für Tiefschläfer: Riz (1),DOMINATE,#12-20,"proteger: wecker[name], tiefschlafer[subtitle]",,pop não confiável
wake up light,FIT,5,astro-only,23,24,Wake Up Light – Lichtwecker (107); Sleep Cycle - Schlaftracker (5513); Light Alarm — Wake-Up Light (11),DOMINATE,#12-20,"proteger: wake[name]@en-GB, up[name]@en-GB, light[subtitle]@en-GB","CPP-DE ""Lichtwecker"" (de-DE) — cluster; só ligável se um token deste termo estiver no kw field",pop não confiável; tokens via en-GB (índice secundário da loja)
wecker sanft,FIT,5,astro-only,53,24,Sanfter Wecker – Wonderwake (106); Wecker für leichtes Aufstehe (1196); Sleepwave: Wecker & Schlaf A (1264),DOMINATE,#12-20,"proteger: wecker[name], sanftes~sanft[subtitle]","CPP-DE ""Lichtwecker"" (de-DE) — cluster; só ligável se um token deste termo estiver no kw field",pop não confiável
wake up,FIT,38,astro-only,42,25,WAKE UP: Schluss mit Snoozen (12); Waking Up: Meditation & Wisd (2676); Alarmy – Wecker und Schlaf (14907),DOMINATE,#12-20,"proteger: wake[name]@en-GB, up[name]@en-GB",,pop não confiável; tokens via en-GB (índice secundário da loja)
laute alarme für tiefschläfer,FIT,5,astro-only,11,26,Wecker: Laute Alarme ◎ (39); Alarmy – Wecker und Schlaf (14907); Laute Wecker: RISER (0),DOMINATE,#12-20,"proteger: laut~laute[keywords], alarm~alarme[name], tiefschlafer[subtitle]",,pop não confiável
mathe alarm,FIT,5,astro-only,23,27,Mathe Wecker (916); Alarmy – Wecker und Schlaf (14907); Mein Mathe Wecker (229),DOMINATE,#12-20,"proteger: mathe[keywords], alarm[name]",,pop não confiável
schlummern,PARTIAL,5,astro-only,17,27,Waiki: Wecker ohne Schlummer (0); Rampit: Anti-Schlummer-Wecke (4); Schlummer: Sleep Tracker (1),DOMINATE,#12-20,proteger: schlummern[keywords],,"pop não confiável; PARTIAL: bare ""snooze/slumber""; SERP de mixes anti-snooze alarms with pill reminder and baby sleep sounds"
licht wecker,FIT,5,astro-only,23,28,Glow Alarm - Aufwachlicht (0); Light Alarm — Wake-Up Light (11); Wake Up Light – Lichtwecker (107),DOMINATE,#12-20,"proteger: licht[subtitle], wecker[name]","CPP-DE ""Lichtwecker"" (de-DE) — cluster; só ligável se um token deste termo estiver no kw field",pop não confiável
morgens aufwachen,FIT,5,astro-only,21,28,Wecker mit Musik - Aufwachen (2530); Alarmy – Wecker und Schlaf (14907); Wecker Musik: Morgen Aufwach (25),DOMINATE,#12-20,"proteger: morgen~morgens[keywords], aufwachen[keywords]",,pop não confiável
morgens aufstehen,FIT,5,astro-only,17,29,Wayk: Wecker mit Mission (1495); Wakie: Wecker zum Aufstehen (4); Wecker für mich. (11633),DOMINATE,#12-20,"proteger: morgen~morgens[keywords], aufstehen[keywords]",,pop não confiável
wecker licht,FIT,5,astro-only,51,29,Wake Up Light – Lichtwecker (107); Light Alarm — Wake-Up Light (11); Sleepwave: Wecker & Schlaf A (1264),DOMINATE,#12-20,"proteger: wecker[name], licht[subtitle]","CPP-DE ""Lichtwecker"" (de-DE) — cluster; só ligável se um token deste termo estiver no kw field",pop não confiável
wake up alarm,FIT,5,astro-only,42,30,Wayk: Wecker mit Mission (1495); Wecker für mich. (11633); Instant Wake Up - Wecker (54),DOMINATE,#12-20,"proteger: wake[name]@en-GB, up[name]@en-GB, alarm[name]",,pop não confiável; tokens via en-GB (índice secundário da loja)
aufwachen mit licht,FIT,5,astro-only,5,OUT,Wakeyside (0); Radiowecker ck (0); Frühester Vogel (0),DOMINATE,#1-5 se o token entrar,"já temos: aufwachen[keywords], licht[subtitle]","CPP-DE ""Lichtwecker"" (de-DE) — cluster; só ligável se um token deste termo estiver no kw field",pop não confiável; SERP pequena (4 apps)
früh aufstehen,FIT,5,astro-only,11,OUT,Mornee – Früh aufstehen (0); Roosta: Früh aufstehen (0); Squat Alarm: Früh Aufstehen (0),DOMINATE,#10-20 se o token entrar,precisa: fruh | já temos: aufstehen[keywords],,pop não confiável
früh aufwachen,FIT,5,astro-only,7,OUT,PushClock: Wecker & Aufgaben (170); SnoozeOff: Wecker mit Missio (16); Aufwachen + Gehen (0),DOMINATE,#3-10 se o token entrar,precisa: fruh | já temos: aufwachen[keywords],,pop não confiável
kein snooze,FIT,5,astro-only,5,OUT,Wakie: Wecker zum Aufstehen (4); ByeBed - Wecker mit Missione (14); Mornee – Früh aufstehen (0),DOMINATE,#3-10 se o token entrar,precisa: kein | já temos: snooze[keywords]@en-GB,,pop não confiável; tokens via en-GB (índice secundário da loja)
kopfrechnen wecker,FIT,5,astro-only,5,OUT,MathWake Wecker mit Aufgaben (3); Alarmind (0); DRILL: Wecker mit Aufgaben (0),DOMINATE,#1-5 se o token entrar,precisa: kopfrechnen | já temos: wecker[name],,pop não confiável; SERP pequena (4 apps)
natürlich aufwachen,FIT,5,astro-only,8,OUT,Musik uhr wecker - Aufwachen (235); Awaken (8); Lichtwecker: Sonnenaufgang (0),DOMINATE,#1-5 se o token entrar,precisa: naturlich | já temos: aufwachen[keywords],"CPP-DE ""Lichtwecker"" (de-DE) — cluster; só ligável se um token deste termo estiver no kw field",pop não confiável; SERP pequena (8 apps)
ohne schlummern,FIT,5,astro-only,7,OUT,Waiki: Wecker ohne Schlummer (0); Blayze: Wecker ohne Snooze (0); PushClock: Wecker & Aufgaben (170),DOMINATE,#3-10 se o token entrar,precisa: ohne | já temos: schlummern[keywords],,pop não confiável
ohne snooze,FIT,5,astro-only,7,OUT,Blayze: Wecker ohne Snooze (0); Waiki: Wecker ohne Schlummer (0); PushClock: Wecker & Aufgaben (170),DOMINATE,#3-10 se o token entrar,precisa: ohne | já temos: snooze[keywords]@en-GB,,pop não confiável; tokens via en-GB (índice secundário da loja)
rechenaufgaben wecker,FIT,5,astro-only,5,OUT,,DOMINATE,sem alvo (SERP vazia),precisa: rechenaufgaben | já temos: wecker[name],,pop não confiável; SERP vazia no Astro (0 apps)
schlummerfunktion,FIT,5,astro-only,5,OUT,Roosta: Früh aufstehen (0); SnoozeOff: Wecker mit Missio (16); Clock Alarm++ (17),DOMINATE,#1-5 se o token entrar,precisa: schlummerfunktion,,pop não confiável; SERP pequena (8 apps)
sehr lauter wecker,FIT,5,astro-only,5,OUT,Reveil: Aufgaben-Wecker (0),DOMINATE,#1-5 se o token entrar,"precisa: sehr | já temos: laut~lauter[keywords], wecker[name]",,pop não confiável; SERP pequena (1 apps)
sonnenaufgang simulation,FIT,5,astro-only,12,OUT,Lichtwecker: Sonnenaufgang (0); Wake Up Light – Lichtwecker (107); Sun Finder – Sonnenfinder (4),DOMINATE,#1-5 se o token entrar,precisa: simulation | já temos: sonnenaufgang[keywords],"CPP-DE ""Lichtwecker"" (de-DE) — ligável via ""sonnenaufgang"" (kw field)",pop não confiável; SERP pequena (3 apps)
wecker fur tiefschlafer,FIT,5,astro-only,5,OUT,Wecker: Laute Alarme ◎ (39); Wecker für Tiefschläfer: Riz (1); Waiki: Wecker ohne Schlummer (0),DOMINATE,#3-10 se o token entrar,"já temos: wecker[name], tiefschlafer[subtitle]",,pop não confiável
wecker für schlafmützen,FIT,5,astro-only,5,OUT,,DOMINATE,sem alvo (SERP vazia),precisa: schlafmutzen | já temos: wecker[name],,pop não confiável; SERP vazia no Astro (0 apps)
wecker gegen verschlafen,FIT,5,astro-only,5,OUT,OkiPaca: Wecker (0); Alarme: Mathe & Scan Wecker (0); DrawWake: Wecker zum Malen (0),DOMINATE,#1-5 se o token entrar,"precisa: gegen, verschlafen | já temos: wecker[name]",,pop não confiável; SERP pequena (4 apps)
wecker kein snooze,FIT,5,astro-only,5,OUT,Wakie: Wecker zum Aufstehen (4); ByeBed - Wecker mit Missione (14); Snuzu: Wecker mit Aufgaben (0),DOMINATE,#3-10 se o token entrar,"precisa: kein | já temos: wecker[name], snooze[keywords]@en-GB",,pop não confiável; tokens via en-GB (índice secundário da loja)
wecker mit rechenaufgaben,FIT,5,astro-only,5,OUT,,DOMINATE,sem alvo (SERP vazia),precisa: rechenaufgaben | já temos: wecker[name],,pop não confiável; SERP vazia no Astro (0 apps)
wecker ohne schlummerfunktion,FIT,5,astro-only,5,OUT,Roosta: Früh aufstehen (0); SnoozeOff: Wecker mit Missio (16); LuxeAlarm - Clock & Sleep (0),DOMINATE,#1-5 se o token entrar,"precisa: ohne, schlummerfunktion | já temos: wecker[name]",,pop não confiável; SERP pequena (7 apps)
wecker ohne schlummern,FIT,5,astro-only,7,OUT,Waiki: Wecker ohne Schlummer (0); PushClock: Wecker & Aufgaben (170); Blayze: Wecker ohne Snooze (0),DOMINATE,#3-10 se o token entrar,"precisa: ohne | já temos: wecker[name], schlummern[keywords]",,pop não confiável
wecker zum aufstehen,FIT,5,astro-only,9,OUT,Wecker - Bewegung zum Stoppe (0); Wecker zum Aufstehen: Rizen (1); Wakie: Wecker zum Aufstehen (4),DOMINATE,#3-10 se o token entrar,"já temos: wecker[name], aufstehen[keywords]",,pop não confiável
wecker zum aufwachen,FIT,5,astro-only,11,OUT,Wecker - Wecker zum Aufwache (0); Wakely: Wecker zum Aufwachen (0); 1% Alarm: Scan zum Aufwachen (540),DOMINATE,#3-10 se o token entrar,"já temos: wecker[name], aufwachen[keywords]",,pop não confiável
sanfter wecker,FIT,5,astro-only,47,32,Sanfter Wecker – Wonderwake (106); Sleepwave: Wecker & Schlaf A (1264); Wecker für leichtes Aufstehe (1196),CLIMB,"#22-28 (kw 1x, front-load)","proteger: sanftes~sanfter[subtitle], wecker[name]","CPP-DE ""Lichtwecker"" (de-DE) — cluster; só ligável se um token deste termo estiver no kw field","pop não confiável; CLIMB só por posição (diff 47, top3 até 1264 ratings)"
wecker rechenaufgaben,FIT,5,astro-only,36,36,Mathe Wecker (916); Alarmy – Wecker und Schlaf (14907); Wecker mit Musik - Aufwachen (2530),CLIMB,"#18-25 se ""rechenaufgaben"" entrar no kw field",proteger: wecker[name] | precisa: rechenaufgaben,,pop não confiável
wecker mission,FIT,5,astro-only,9,39,Wayk: Wecker mit Mission (1495); SnoozeOff: Wecker mit Missio (16); ByeBed - Wecker mit Missione (14),CLIMB,"#27-35 (kw 1x, front-load)","proteger: wecker[name], mission[keywords]",,pop não confiável
mission wecker,FIT,5,astro-only,9,40,Wayk: Wecker mit Mission (1495); Mission Wecker & Aufwachen (2); Morning Mission Wecker (0),CLIMB,"#28-36 (kw 1x, front-load)","proteger: mission[keywords], wecker[name]",,pop não confiável
wecker extrem laut,FIT,5,astro-only,37,40,Wecker app mit Musik - myAla (1242); Mein Mathe Wecker (229); Mathe Wecker (916),CLIMB,"#20-28 se ""extrem"" entrar no kw field","proteger: wecker[name], laut[keywords] | precisa: extrem",,pop não confiável
mission alarm,FIT,5,astro-only,17,41,Wayk: Wecker mit Mission (1495); AlarmK: Wecker mit Mission (0); Mathe Wecker (916),CLIMB,"#28-36 (kw 1x, front-load)","proteger: mission[keywords], alarm[name]",,pop não confiável
morgen wecker,FIT,5,astro-only,41,42,Alarmy – Wecker und Schlaf (14907); Wecker mit Musik - Aufwachen (2530); Wecker für mich. (11633),CLIMB,"#29-37 (kw 1x, front-load)","proteger: morgen[keywords], wecker[name]",,"pop não confiável; CLIMB só por posição (diff 41, top3 até 14907 ratings)"
wecker mathe,FIT,5,astro-only,38,42,Mathe Wecker (916); Alarmy – Wecker und Schlaf (14907); MathWake - Mathe Wecker (0),CLIMB,"#29-37 (kw 1x, front-load)","proteger: wecker[name], mathe[keywords]",,pop não confiável
puzzle alarm,FIT,9,astro-only,21,43,Alarmy – Wecker und Schlaf (14907); Challenges Alarm Clock (20); Mathe Wecker (916),CLIMB,"#30-38 (kw 1x, front-load)","proteger: puzzle[keywords]@en-GB, alarm[name]",,pop não confiável; tokens via en-GB (índice secundário da loja)
wecker missionen,FIT,5,astro-only,9,44,Wayk: Wecker mit Mission (1495); BedOut - Wecker & Missionen (5); AlarmK: Wecker mit Mission (0),CLIMB,"#30-39 (kw 1x, front-load)","proteger: wecker[name], mission~missionen[keywords]",,pop não confiável
mathe wecker,FIT,32,astro-only,42,49,Mathe Wecker (916); Bewegungs Wecker (283); Mein Mathe Wecker (229),CLIMB,"#34-44 (kw 1x, front-load)","proteger: mathe[keywords], wecker[name]",,"pop não confiável; CLIMB só por posição (diff 42, top3 até 916 ratings)"
puzzle alarm clock,FIT,20,astro-only,40,49,Alarmy – Wecker und Schlaf (14907); Mathe Wecker (916); Wecker für mich. (11633),CLIMB,"#34-44 (kw 1x, front-load)","proteger: puzzle[keywords]@en-GB, alarm[name], clock[name]",,pop não confiável; tokens via en-GB (índice secundário da loja)
math alarm clock,FIT,31,astro-only,23,50,Mathe Wecker (916); Alarmy – Wecker und Schlaf (14907); Mein Mathe Wecker (229),CLIMB,"#35-45 (kw 1x, front-load)","proteger: math[keywords]@en-GB, alarm[name], clock[name]",,pop não confiável; tokens via en-GB (índice secundário da loja)
wecker mit mathe,FIT,5,astro-only,39,50,Mathe Wecker (916); Alarmy – Wecker und Schlaf (14907); Wecker mit Musik - Aufwachen (2530),CLIMB,"#35-45 (kw 1x, front-load)","proteger: wecker[name], mathe[keywords]",,pop não confiável
wecker mit aufgaben,FIT,33,astro-only,23,51,Wayk: Wecker mit Mission (1495); Alarmy – Wecker und Schlaf (14907); Mathe Wecker (916),CLIMB,"#25-35 se ""aufgaben"" entrar no kw field",proteger: wecker[name] | precisa: aufgaben,,pop não confiável
lichtwecker,FIT,6,astro-only,35,54,Glow Alarm - Aufwachlicht (0); Light Alarm — Wake-Up Light (11); Wake Up Light – Lichtwecker (107),CLIMB,segurar ~#54 (tokens já nos campos; sem alavanca de campo),proteger: licht[subtitle]+wecker[name],"CPP-DE ""Lichtwecker"" (de-DE) — cluster; só ligável se um token deste termo estiver no kw field",pop não confiável
mein mathe wecker,PARTIAL,5,astro-only,50,54,Mein Mathe Wecker (229); Mathe Wecker (916); Alarmy – Wecker und Schlaf (14907),CLIMB,"#27-37 se ""mein"" entrar no kw field","proteger: mathe[keywords], wecker[name] | precisa: mein",,"pop não confiável; PARTIAL: navigational to ""Mein Mathe Wecker""; math-alarm intent served; CLIMB só por posição (diff 50, top3 até 14907 ratings)"
loud alarm clock,FIT,40,astro-only,35,55,Loud Alarm Clock – the LOUDE (156); Alarmy – Wecker und Schlaf (14907); Loud Alarm Clock LOUDEST Sle (24),CLIMB,segurar ~#55 (tokens já nos campos; sem alavanca de campo),"proteger: loud[keywords]@en-GB, alarm[name], clock[name]",,pop não confiável; tokens via en-GB (índice secundário da loja)
math alarm,FIT,9,astro-only,17,55,Mathe Wecker (916); Alarmy – Wecker und Schlaf (14907); Math Alarm - Mathe Wecker (2),CLIMB,segurar ~#55 (tokens já nos campos; sem alavanca de campo),"proteger: math[keywords]@en-GB, alarm[name]",,pop não confiável; tokens via en-GB (índice secundário da loja)
wecker laut,FIT,9,astro-only,46,57,Loud Alarm Clock – the LOUDE (156); Alarmy – Wecker und Schlaf (14907); Wecker: Laute Alarme ◎ (39),CLIMB,segurar ~#57 (tokens já nos campos; sem alavanca de campo),"proteger: wecker[name], laut[keywords]",,"pop não confiável; CLIMB só por posição (diff 46, top3 até 14907 ratings)"
aufstehen,FIT,5,astro-only,21,57,Wayk: Wecker mit Mission (1495); StandPal: Aufstehen Erinneru (1); Bewegungs Wecker (283),CLIMB,segurar ~#57 (tokens já nos campos; sem alavanca de campo),proteger: aufstehen[keywords],,pop não confiável
wecker aufwachen,FIT,5,astro-only,42,65,Wecker mit Musik - Aufwachen (2530); Musik uhr wecker - Aufwachen (235); Alarmy – Wecker und Schlaf (14907),CLIMB,segurar ~#65 (tokens já nos campos; sem alavanca de campo),"proteger: wecker[name], aufwachen[keywords]",,"pop não confiável; CLIMB só por posição (diff 42, top3 até 14907 ratings)"
laute alarme,FIT,5,astro-only,39,67,Wecker: Laute Alarme ◎ (39); Alarmy – Wecker und Schlaf (14907); Alarmify・Wecker Spotify Musi (704),CLIMB,segurar ~#67 (tokens já nos campos; sem alavanca de campo),"proteger: laut~laute[keywords], alarm~alarme[name]",,pop não confiável
loud alarm,FIT,5,astro-only,37,68,Loud Alarm Clock – the LOUDE (156); Alarmy – Wecker und Schlaf (14907); Loud Alarm (3),CLIMB,segurar ~#68 (tokens já nos campos; sem alavanca de campo),"proteger: loud[keywords]@en-GB, alarm[name]",,pop não confiável; tokens via en-GB (índice secundário da loja)
wecker iphone kostenlos,FIT,55,astro-only,53,69,Clock (1972); Wecker für mich. (11633); Alarmy – Wecker und Schlaf (14907),CLIMB,"#34-48 se ""iphone kostenlos"" entrar no kw field","proteger: wecker[name] | precisa: iphone, kostenlos",,"pop não confiável; CLIMB só por posição (diff 53, top3 até 14907 ratings); iphone = marca Apple, não usar como keyword (2.3.7)"
lauter alarm,FIT,5,astro-only,23,71,Alarmy – Wecker und Schlaf (14907); Mein Mathe Wecker (229); Mathe Wecker (916),CLIMB,segurar ~#71 (tokens já nos campos; sem alavanca de campo),"proteger: laut~lauter[keywords], alarm[name]",,pop não confiável
extrem lauter wecker,FIT,5,astro-only,23,72,Loud Alarm Clock – the LOUDE (156); Wakora: Wecker mit Aufgaben (1); Alarmy – Wecker und Schlaf (14907),CLIMB,"#36-50 se ""extrem"" entrar no kw field","proteger: laut~lauter[keywords], wecker[name] | precisa: extrem",,pop não confiável
besser aufwachen,FIT,5,astro-only,41,76,Wecker mit Musik - Aufwachen (2530); Musik uhr wecker - Aufwachen (235); 1% Alarm: Scan zum Aufwachen (540),CLIMB,"#38-53 se ""besser"" entrar no kw field",proteger: aufwachen[keywords] | precisa: besser,"CPP-DE ""Lichtwecker"" (de-DE) — cluster; só ligável se um token deste termo estiver no kw field","pop não confiável; CLIMB só por posição (diff 41, top3 até 2530 ratings)"
wecker extrem,FIT,10,astro-only,42,79,Loud Alarm Clock – the LOUDE (156); Alarmy – Wecker und Schlaf (14907); Mathe Wecker (916),CLIMB,"#39-55 se ""extrem"" entrar no kw field",proteger: wecker[name] | precisa: extrem,,"pop não confiável; CLIMB só por posição (diff 42, top3 até 14907 ratings)"
wecker alarm,FIT,5,astro-only,55,79,Alarmy – Wecker und Schlaf (14907); Wecker für mich. (11633); Wecker & Timer (1536),CLIMB,segurar ~#79 (tokens já nos campos; sem alavanca de campo),"proteger: wecker[name], alarm[name]",,"pop não confiável; CLIMB só por posição (diff 55, top3 até 14907 ratings)"
lauter wecker,FIT,6,astro-only,46,80,Loud Alarm Clock – the LOUDE (156); Alarmy – Wecker und Schlaf (14907); Wecker: Laute Alarme ◎ (39),CLIMB,segurar ~#80 (tokens já nos campos; sem alavanca de campo),"proteger: laut~lauter[keywords], wecker[name]",,"pop não confiável; CLIMB só por posição (diff 46, top3 até 14907 ratings)"
aufwach wecker,FIT,5,astro-only,38,80,Wecker mit Musik - Aufwachen (2530); Missions-Wecker - Aufwach-Ap (0); Glow Alarm - Aufwachlicht (0),CLIMB,segurar ~#80 (tokens já nos campos; sem alavanca de campo),"proteger: aufwachen~aufwach[keywords], wecker[name]",,pop não confiável
snooze,PARTIAL,30,astro-only,40,85,SnoreLab: Schnarchen aufnehm (11229); Alarmy – Wecker und Schlaf (14907); Nooze: Stop Snoozing (32),CLIMB,segurar ~#85 (tokens já nos campos; sem alavanca de campo),proteger: snooze[keywords]@en-GB,,"pop não confiável; PARTIAL: bare; SERP de mixes anti-snooze alarms with snore recorder, white-noise device, timers; tokens via en-GB (índice secundário da loja)"
heavy sleeper alarm,FIT,5,astro-only,40,87,Alarmy – Wecker und Schlaf (14907); Super Alarm - Wecker (79); Wecker HD - Alarm Clock (3754),CLIMB,segurar ~#87 (tokens já nos campos; sem alavanca de campo),"proteger: heavy[subtitle]@en-GB, sleepers~sleeper[subtitle]@en-GB, alarm[name]",,pop não confiável; tokens via en-GB (índice secundário da loja)
gentle alarm,FIT,5,astro-only,40,88,Sanfter Wecker – Wonderwake (106); Sleepwave: Wecker & Schlaf A (1264); Sleep Cycle - Schlaftracker (5513),CLIMB,segurar ~#88 (tokens já nos campos; sem alavanca de campo),"proteger: gentle[subtitle]@en-GB, alarm[name]","CPP-DE ""Lichtwecker"" (de-DE) — cluster; só ligável se um token deste termo estiver no kw field",pop não confiável; tokens via en-GB (índice secundário da loja)
sonnenaufgang wecker,FIT,5,astro-only,45,94,Wake Up Light – Lichtwecker (107); Glow Alarm - Aufwachlicht (0); Sanfter Wecker – Wonderwake (106),CLIMB,segurar ~#94 (tokens já nos campos; sem alavanca de campo),"proteger: sonnenaufgang[keywords], wecker[name]","CPP-DE ""Lichtwecker"" (de-DE) — ligável via ""sonnenaufgang"" (kw field)","pop não confiável; CLIMB só por posição (diff 45, top3 até 107 ratings)"
sonnenaufgangswecker,FIT,5,astro-only,38,94,Wake Up Light – Lichtwecker (107); Glow Alarm - Aufwachlicht (0); Sanfter Wecker – Wonderwake (106),CLIMB,segurar ~#94 (tokens já nos campos; sem alavanca de campo),proteger: sonnenaufgang[keywords]+wecker[name],"CPP-DE ""Lichtwecker"" (de-DE) — ligável via ""sonnenaufgang"" (kw field)",pop não confiável
laute wecker,FIT,5,astro-only,47,95,Loud Alarm Clock – the LOUDE (156); Alarmy – Wecker und Schlaf (14907); Wecker: Laute Alarme ◎ (39),CLIMB,segurar ~#95 (tokens já nos campos; sem alavanca de campo),"proteger: laut~laute[keywords], wecker[name]",,"pop não confiável; CLIMB só por posição (diff 47, top3 até 14907 ratings)"
aufwachen,FIT,5,astro-only,45,96,Sleep Cycle - Schlaftracker (5513); 1% Alarm: Scan zum Aufwachen (540); Mission Wecker & Aufwachen (2),CLIMB,segurar ~#96 (tokens já nos campos; sem alavanca de campo),proteger: aufwachen[keywords],,"pop não confiável; CLIMB só por posição (diff 45, top3 até 5513 ratings)"
sleep cycle,FIT,61,astro-only,52,98,Sleep Cycle - Schlaftracker (5513); ShutEye - Schlaftracker (15806); Sleep Tracker - Schlaf Analy (3006),CLIMB,segurar ~#98 (tokens já nos campos; sem alavanca de campo),"proteger: sleep[keywords]@en-GB, cycle[keywords]@en-GB",,"pop não confiável; tokens via en-GB (índice secundário da loja); CLIMB só por posição (diff 52, top3 até 15806 ratings)"
wecker iphone,FIT,11,astro-only,60,102,Clock (1972); Alarmy – Wecker und Schlaf (14907); Wecker & Timer (1536),CLIMB,"#51-71 se ""iphone"" entrar no kw field",proteger: wecker[name] | precisa: iphone,,"pop não confiável; CLIMB só por posição (diff 60, top3 até 14907 ratings); iphone = marca Apple, não usar como keyword (2.3.7)"
bewegungs wecker,FIT,16,astro-only,38,106,Bewegungs Wecker (283); Mathe Wecker (916); Instant Wake Up - Wecker (54),CLIMB,"#53-74 se ""bewegungs"" entrar no kw field",proteger: wecker[name] | precisa: bewegungs,,pop não confiável
alarm clock for heavy sleepers,FIT,5,astro-only,49,108,Alarmy – Wecker und Schlaf (14907); Wayk: Wecker mit Mission (1495); Super Alarm - Wecker (79),CLIMB,"#54-75 se ""for"" entrar no kw field","proteger: alarm[name], clock[name], heavy[subtitle]@en-GB, sleepers[subtitle]@en-GB | precisa: for",,"pop não confiável; tokens via en-GB (índice secundário da loja); CLIMB só por posição (diff 49, top3 até 14907 ratings)"
smart alarm,FIT,9,astro-only,46,117,Sleep Cycle - Schlaftracker (5513); Alarmy – Wecker und Schlaf (14907); Pillow Schlaftracker (8846),CLIMB,segurar ~#117 (tokens já nos campos; sem alavanca de campo),"proteger: smart[keywords]@en-GB, alarm[name]",,"pop não confiável; tokens via en-GB (índice secundário da loja); CLIMB só por posição (diff 46, top3 até 14907 ratings)"
tageslichtwecker,FIT,5,astro-only,39,120,Wake Up Light – Lichtwecker (107); Light Alarm — Wake-Up Light (11); Sleepwave: Wecker & Schlaf A (1264),CLIMB,"#60-84 se ""tageslichtwecker"" entrar no kw field",precisa: tageslichtwecker,"CPP-DE ""Lichtwecker"" (de-DE) — cluster; só ligável se um token deste termo estiver no kw field",pop não confiável
wecker und schlaf,FIT,5,astro-only,58,122,Alarmy – Wecker und Schlaf (14907); Sleep Cycle - Schlaftracker (5513); ShutEye - Schlaftracker (15806),CLIMB,"#61-85 se ""schlaf"" entrar no kw field",proteger: wecker[name] | precisa: schlaf,,"pop não confiável; CLIMB só por posição (diff 58, top3 até 15806 ratings)"
wecker aufgaben,FIT,5,astro-only,41,143,Wayk: Wecker mit Mission (1495); Awake: Wecker mit Aufgaben (278); Mathe Wecker (916),CLIMB,"#71-100 se ""aufgaben"" entrar no kw field",proteger: wecker[name] | precisa: aufgaben,,"pop não confiável; CLIMB só por posição (diff 41, top3 até 1495 ratings)"
alarm wecker,FIT,5,astro-only,50,148,Alarmy – Wecker und Schlaf (14907); Wecker HD - Alarm Clock (3754); Wecker app mit Musik - myAla (1242),CLIMB,segurar ~#148 (tokens já nos campos; sem alavanca de campo),"proteger: alarm[name], wecker[name]",,"pop não confiável; CLIMB só por posição (diff 50, top3 até 14907 ratings)"
clock alarm,FIT,6,astro-only,52,150,Alarmy – Wecker und Schlaf (14907); Wecker für mich. (11633); Wecker HD - Alarm Clock (3754),CLIMB,segurar ~#150 (tokens já nos campos; sem alavanca de campo),"proteger: clock[name], alarm[name]",,"pop não confiável; CLIMB só por posição (diff 52, top3 até 14907 ratings)"
leichter aufwachen,FIT,5,astro-only,13,OUT,"Wecker für leichtes Aufstehe (1196); AwakeSync (5); Wecker,Schlaftracker - Wakey (1)",CLIMB,#3-8 se o token entrar,precisa: leichter | já temos: aufwachen[keywords],"CPP-DE ""Lichtwecker"" (de-DE) — cluster; só ligável se um token deste termo estiver no kw field",pop não confiável; SERP pequena (5 apps)
mathe aufgaben wecker,FIT,5,astro-only,17,OUT,Mathe Wecker (916); PushClock: Wecker & Aufgaben (170); Alarmy – Wecker und Schlaf (14907),CLIMB,#30-50 se o token entrar,"precisa: aufgaben | já temos: mathe[keywords], wecker[name]",,pop não confiável
snooze stoppen,FIT,5,astro-only,15,OUT,1% Alarm: Scan zum Aufwachen (540); Wakeuply: Wecker mit Mission (38); NFC.cool Tools Tag Reader (4902),CLIMB,#3-8 se o token entrar,precisa: stoppen | já temos: snooze[keywords]@en-GB,,pop não confiável; tokens via en-GB (índice secundário da loja); SERP pequena (6 apps)
weck aufgaben,FIT,5,astro-only,17,OUT,PushClock: Wecker & Aufgaben (170); Alarmly - Weck-Aufgaben (1); Awake: Wecker mit Aufgaben (278),CLIMB,#30-50 se o token entrar,precisa: aufgaben | já temos: wecker~weck[name],,pop não confiável
wecker mit mission,FIT,5,astro-only,11,OUT,Wayk: Wecker mit Mission (1495); ByeBed - Wecker mit Missione (14); Wecker mit Mission - Rise (14),CLIMB,#30-50 se o token entrar,"já temos: wecker[name], mission[keywords]",,pop não confiável
wecker mit missionen,FIT,5,astro-only,9,OUT,Wayk: Wecker mit Mission (1495); AlarmK: Wecker mit Mission (0); RiseUp: Wecker mit Missionen (1),CLIMB,#30-50 se o token entrar,"já temos: wecker[name], mission~missionen[keywords]",,pop não confiável
schlafzyklus,FIT,5,astro-only,46,179,Schlafrechner (8); Sleep Cycle - Schlaftracker (5513); ShutEye - Schlaftracker (15806),LOTTERY,>50 / sem alvo em 28d,proteger: schlafzyklus[keywords],,
wecker schlafphase,FIT,5,astro-only,50,183,Sleepzy - Schlaftracker-Weck (3045); Wecker für mich. (11633); Schlafphasenwecker Schlaf (152),LOTTERY,>50 / sem alvo em 28d,proteger: wecker[name] | precisa: schlafphase,,
wecker mit licht,FIT,5,astro-only,48,202,Wake Up Light – Lichtwecker (107); Still: Bibel Schlaf & Wecker (240); Sleepwave: Wecker & Schlaf A (1264),LOTTERY,>50 / sem alvo em 28d,"proteger: wecker[name], licht[subtitle]",,
alarmy,PARTIAL,66,astro-only,39,OUT,Alarmy – Wecker und Schlaf (14907); Alarmy . Smart Alarm Clock (89); Mathe Wecker (916),LOTTERY,>50 / sem alvo em 28d,já temos: alarm~alarmy[name],,"PARTIAL: navigational to Alarmy; same category (missions, loud) served"
uhr wecker,PARTIAL,50,astro-only,48,OUT,Clock (1972); Wecker & Timer (1536); Wecker ۬ (5),LOTTERY,>50 / sem alvo em 28d,precisa: uhr | já temos: wecker[name],,PARTIAL: SERP de mixes alarm apps with clock displays/widgets
schlaf tracker,FIT,19,astro-only,60,OUT,Sleep Tracker - Schlaf Analy (3006); ShutEye - Schlaftracker (15806); Sleep Cycle - Schlaftracker (5513),LOTTERY,>50 / sem alvo em 28d,precisa: schlaf | já temos: tracker[keywords]@en-GB,,tokens via en-GB (índice secundário da loja)
schlafanalyse,FIT,13,astro-only,55,OUT,ShutEye - Schlaftracker (15806); Sleep Tracker - Schlaf Analy (3006); Sleep Cycle - Schlaftracker (5513),LOTTERY,>50 / sem alvo em 28d,precisa: schlafanalyse,,
schlafphasenwecker,FIT,7,astro-only,49,OUT,Sleep Cycle - Schlaftracker (5513); Schlafphasenwecker Schlaf (152); Sleepwave: Wecker & Schlaf A (1264),LOTTERY,>50 / sem alvo em 28d,precisa: schlafphasenwecker,,
aufgaben wecker,FIT,5,astro-only,43,OUT,Awake: Wecker mit Aufgaben (278); PushClock: Wecker & Aufgaben (170); Mathe Wecker (916),LOTTERY,>50 / sem alvo em 28d,precisa: aufgaben | já temos: wecker[name],,
intelligenter wecker,FIT,5,astro-only,49,OUT,Sleep Tracker - Schlaf Analy (3006); Sleep Cycle - Schlaftracker (5513); SleepWatch - Top Sleep Track (5741),LOTTERY,>50 / sem alvo em 28d,precisa: intelligenter | já temos: wecker[name],,
leichtes aufstehen,FIT,5,astro-only,42,OUT,Wecker für leichtes Aufstehe (1196),LOTTERY,>50 / sem alvo em 28d,precisa: leichtes | já temos: aufstehen[keywords],,SERP pequena (1 apps)
rätsel wecker,FIT,5,astro-only,57,OUT,Wayk: Wecker mit Mission (1495); Mathe Wecker (916); Alarmy – Wecker und Schlaf (14907),LOTTERY,>50 / sem alvo em 28d,precisa: ratsel | já temos: wecker[name],,
schlaf zyklus,FIT,5,astro-only,51,OUT,ShutEye - Schlaftracker (15806); Hespera: Schlafzyklus-Rechne (2); Sleep Cycle - Schlaftracker (5513),LOTTERY,>50 / sem alvo em 28d,"precisa: schlaf, zyklus",,
schlafphasen,FIT,5,astro-only,53,OUT,Sleepzy - Schlaftracker-Weck (3045); Schlafphasenwecker Schlaf (152); Sleep Cycle - Schlaftracker (5513),LOTTERY,>50 / sem alvo em 28d,precisa: schlafphasen,,
schlafphasen wecker,FIT,5,astro-only,53,OUT,Sleep Cycle - Schlaftracker (5513); Schlafphasenwecker Schlaf (152); Sleepwave: Wecker & Schlaf A (1264),LOTTERY,>50 / sem alvo em 28d,precisa: schlafphasen | já temos: wecker[name],,
schlaftracker wecker,FIT,5,astro-only,55,OUT,Sleepzy - Schlaftracker-Weck (3045); Sleep Cycle - Schlaftracker (5513); ShutEye - Schlaftracker (15806),LOTTERY,>50 / sem alvo em 28d,precisa: schlaftracker | já temos: wecker[name],,
smart wecker,FIT,5,astro-only,56,OUT,Sleepwave: Wecker & Schlaf A (1264); Sleep Cycle - Schlaftracker (5513); ShutEye - Schlaftracker (15806),LOTTERY,>50 / sem alvo em 28d,"já temos: smart[keywords]@en-GB, wecker[name]",,tokens via en-GB (índice secundário da loja)
wecker für mich,PARTIAL,5,astro-only,53,OUT,Wecker für mich. (11633); Sleep Cycle - Schlaftracker (5513); Wecker HD - Alarm Clock (3754),LOTTERY,>50 / sem alvo em 28d,precisa: mich | já temos: wecker[name],,"PARTIAL: navigational to ""Wecker für mich."" (Mosaic); generic alarm intent served"
wecker hd,PARTIAL,5,astro-only,62,OUT,Wecker HD - Alarm Clock (3754); Wecker mit Musik - Aufwachen (2530); Digital uhr - LED Wecker (1986),LOTTERY,>50 / sem alvo em 28d,precisa: hd | já temos: wecker[name],,"PARTIAL: navigational to ""Wecker HD"" (radio/music alarm)"
wecker mathe aufgaben,FIT,5,astro-only,21,OUT,Mathe Wecker (916); PushClock: Wecker & Aufgaben (170); Alarmy – Wecker und Schlaf (14907),LOTTERY,>50 / sem alvo em 28d,"precisa: aufgaben | já temos: wecker[name], mathe[keywords]",,
wecker ohne snooze,FIT,5,astro-only,21,OUT,Sleep Cycle - Schlaftracker (5513); Waiki: Wecker ohne Schlummer (0); Blayze: Wecker ohne Snooze (0),LOTTERY,>50 / sem alvo em 28d,"precisa: ohne | já temos: wecker[name], snooze[keywords]@en-GB",,tokens via en-GB (índice secundário da loja)
wecker ohne werbung,FIT,5,astro-only,56,OUT,Wecker HD - Alarm Clock (3754); Wecker & Timer (1536); Uhr - Keine Werbung clock (2670),LOTTERY,>50 / sem alvo em 28d,"precisa: ohne, werbung | já temos: wecker[name]",,
wecker rätsel,FIT,5,astro-only,56,OUT,Mission Wecker & Aufwachen (2); ShutEye - Schlaftracker (15806); Wecker HD - Alarm Clock (3754),LOTTERY,>50 / sem alvo em 28d,precisa: ratsel | já temos: wecker[name],,
wecker spiel,PARTIAL,5,astro-only,58,OUT,Alarmy – Wecker und Schlaf (14907); Sleepzy - Schlaftracker-Weck (3045); ShutEye - Schlaftracker (15806),LOTTERY,>50 / sem alvo em 28d,precisa: spiel | já temos: wecker[name],,PARTIAL: SERP de mixes alarm/sleep apps with kids games; only math/memory missions
wecker timer,PARTIAL,5,astro-only,48,OUT,Wecker & Timer (1536); Wecker app mit Musik - myAla (1242); Alarmify・Wecker Spotify Musi (704),LOTTERY,>50 / sem alvo em 28d,precisa: timer | já temos: wecker[name],,"PARTIAL: alarm + timer (SERP: Wecker & Timer, egg timer); timer not delivered"
wecker uhr,PARTIAL,5,astro-only,55,OUT,Wecker & Timer (1536); Wecker mit Musik - Aufwachen (2530); Alarmify・Wecker Spotify Musi (704),LOTTERY,>50 / sem alvo em 28d,precisa: uhr | já temos: wecker[name],,PARTIAL: alarm + clock display; display part not delivered
wecker app,FIT,54,astro-only,51,166,Alarmy – Wecker und Schlaf (14907); Mathe Wecker (916); Alarmify・Wecker Spotify Musi (704),UNWINNABLE,— (não gastar chars),proteger: wecker[name] | precisa: app,,head com incumbentes 14907 ratings vs nossos 0 (sem incumbente 100k nesta loja; calibrado pela escala local)
wecker,FIT,66,astro-only,53,OUT,Alarmy – Wecker und Schlaf (14907); Clock (1972); Bewegungs Wecker (283),UNWINNABLE,— (não gastar chars),já temos: wecker[name],,head com incumbentes 14907 ratings vs nossos 0 (sem incumbente 100k nesta loja; calibrado pela escala local)
schlaftracker,FIT,59,astro-only,60,OUT,Sleep Tracker - Schlaf Analy (3006); ShutEye - Schlaftracker (15806); Sleep Cycle - Schlaftracker (5513),UNWINNABLE,— (não gastar chars),precisa: schlaftracker,,head com incumbentes 15806 ratings vs nossos 0 (sem incumbente 100k nesta loja; calibrado pela escala local)
wecker kostenlos,FIT,59,astro-only,50,OUT,Clock (1972); Alarmy – Wecker und Schlaf (14907); Wecker für mich. (11633),UNWINNABLE,— (não gastar chars),precisa: kostenlos | já temos: wecker[name],,head com incumbentes 14907 ratings vs nossos 0 (sem incumbente 100k nesta loja; calibrado pela escala local)
alarm,PARTIAL,56,astro-only,48,OUT,Alarmy – Wecker und Schlaf (14907); Clock (1972); Clock - Wake Up Gently (10),UNWINNABLE,— (não gastar chars),já temos: alarm[name],,PARTIAL: bare EN word; alarm clocks plus home-security alarms; head com incumbentes 14907 ratings vs nossos 0 (sem incumbente 100k nesta loja; calibrado pela escala local)
schlaf,PARTIAL,55,astro-only,61,OUT,ShutEye - Schlaftracker (15806); Schlafphasenwecker Schlaf (152); Sleep Cycle - Schlaftracker (5513),UNWINNABLE,— (não gastar chars),precisa: schlaf,,"PARTIAL: bare head; SERP de = trackers + meditation/snoring apps, sounds not delivered; head com incumbentes 15806 ratings vs nossos 0 (sem incumbente 100k nesta loja; calibrado pela escala local)"
sleep tracker,FIT,50,astro-only,60,OUT,Sleep Tracker - Schlaf Analy (3006); ShutEye - Schlaftracker (15806); Sleep Cycle - Schlaftracker (5513),UNWINNABLE,— (não gastar chars),"já temos: sleep[keywords]@en-GB, tracker[keywords]@en-GB",,tokens via en-GB (índice secundário da loja); head com incumbentes 15806 ratings vs nossos 0 (sem incumbente 100k nesta loja; calibrado pela escala local)
alarm clock,FIT,34,astro-only,53,OUT,Alarmy – Wecker und Schlaf (14907); Clock (1972); Wecker HD - Alarm Clock (3754),UNWINNABLE,— (não gastar chars),"já temos: alarm[name], clock[name]",,head com incumbentes 14907 ratings vs nossos 0 (sem incumbente 100k nesta loja; calibrado pela escala local)
