App Name,App Id,Platform,Keyword,Store Domain,Store,Note,Last Update,Ranking,Change,Popularity,Difficulty,Apps in Ranking,Tags
Slumber: Sleep Cycle Tracker,6758740138,iphone,alarma inteligente,es,🇪🇸 Spain,competitor: Sleepwave es name,2026-09-27T17:45:48Z,OUT,0,22,23,204,added_2026-09-27
Slumber: Sleep Cycle Tracker,6758740138,iphone,monitor de sueño,es,🇪🇸 Spain,,2026-09-27T17:44:51Z,OUT,0,8,52,230,tracked_prior
Slumber: Sleep Cycle Tracker,6758740138,iphone,despertador inteligente,es,🇪🇸 Spain,,2026-09-27T17:44:20Z,167,9,6,45,198,tracked_prior
Slumber: Sleep Cycle Tracker,6758740138,iphone,despertar gradual,es,🇪🇸 Spain,,2026-09-27T17:44:44Z,OUT,0,5,5,6,tracked_prior
Slumber: Sleep Cycle Tracker,6758740138,iphone,ciclo de sueño,es,🇪🇸 Spain,,2026-09-27T17:44:47Z,OUT,0,5,50,227,tracked_prior
Slumber: Sleep Cycle Tracker,6758740138,iphone,rastreador de sueño,es,🇪🇸 Spain,,2026-09-27T17:44:52Z,OUT,0,5,19,176,tracked_prior
Slumber: Sleep Cycle Tracker,6758740138,iphone,sueño profundo,es,🇪🇸 Spain,,2026-09-27T17:44:54Z,OUT,0,5,46,229,tracked_prior
Slumber: Sleep Cycle Tracker,6758740138,iphone,calidad del sueño,es,🇪🇸 Spain,,2026-09-27T17:44:55Z,OUT,0,5,57,227,tracked_prior
Slumber: Sleep Cycle Tracker,6758740138,iphone,dormir mejor,es,🇪🇸 Spain,,2026-09-27T17:44:57Z,OUT,0,5,46,229,tracked_prior
Slumber: Sleep Cycle Tracker,6758740138,iphone,levantarse de la cama,es,🇪🇸 Spain,,2026-09-27T17:45:00Z,OUT,0,5,5,10,tracked_prior
Slumber: Sleep Cycle Tracker,6758740138,iphone,fase del sueño,es,🇪🇸 Spain,,2026-09-27T17:45:05Z,OUT,0,5,5,1,tracked_prior
Slumber: Sleep Cycle Tracker,6758740138,iphone,sueño ligero,es,🇪🇸 Spain,,2026-09-27T17:45:12Z,OUT,0,5,5,7,tracked_prior
Slumber: Sleep Cycle Tracker,6758740138,iphone,despertador progresivo,es,🇪🇸 Spain,,2026-09-27T17:45:18Z,OUT,0,5,50,198,tracked_prior
Slumber: Sleep Cycle Tracker,6758740138,iphone,alarma gradual,es,🇪🇸 Spain,,2026-09-27T17:45:18Z,OUT,0,5,36,18,tracked_prior
Slumber: Sleep Cycle Tracker,6758740138,iphone,posponer,es,🇪🇸 Spain,,2026-09-27T17:45:23Z,OUT,0,5,9,117,tracked_prior
Slumber: Sleep Cycle Tracker,6758740138,iphone,despertar sin posponer,es,🇪🇸 Spain,,2026-09-27T17:45:24Z,OUT,0,5,5,27,tracked_prior
Slumber: Sleep Cycle Tracker,6758740138,iphone,analisis del sueño,es,🇪🇸 Spain,,2026-09-27T17:45:25Z,OUT,0,5,50,229,tracked_prior
Slumber: Sleep Cycle Tracker,6758740138,iphone,despertador potente,es,🇪🇸 Spain,,2026-09-27T17:45:29Z,OUT,0,5,39,200,tracked_prior
Slumber: Sleep Cycle Tracker,6758740138,iphone,sueño rem,es,🇪🇸 Spain,,2026-09-27T17:45:32Z,OUT,0,5,55,234,tracked_prior
Slumber: Sleep Cycle Tracker,6758740138,iphone,diario de sueño,es,🇪🇸 Spain,,2026-09-27T17:45:37Z,OUT,0,5,17,238,tracked_prior
Slumber: Sleep Cycle Tracker,6758740138,iphone,despertador musica,es,🇪🇸 Spain,,2026-09-27T17:45:43Z,OUT,0,5,44,202,tracked_prior
Slumber: Sleep Cycle Tracker,6758740138,iphone,anti posponer,es,🇪🇸 Spain,,2026-09-27T17:45:51Z,OUT,0,5,5,2,tracked_prior
Slumber: Sleep Cycle Tracker,6758740138,iphone,despertador dificil,es,🇪🇸 Spain,,2026-09-27T17:45:53Z,OUT,0,5,45,198,tracked_prior
Slumber: Sleep Cycle Tracker,6758740138,iphone,monitoreo del sueño,es,🇪🇸 Spain,,2026-09-27T17:45:56Z,OUT,0,5,52,230,tracked_prior
Slumber: Sleep Cycle Tracker,6758740138,iphone,despertador puzzle,es,🇪🇸 Spain,,2026-09-27T17:46:05Z,OUT,0,5,40,207,tracked_prior
Slumber: Sleep Cycle Tracker,6758740138,iphone,sonido para dormir,es,🇪🇸 Spain,,2026-09-27T17:46:07Z,OUT,0,5,23,75,tracked_prior
Slumber: Sleep Cycle Tracker,6758740138,iphone,despertador vibracion,es,🇪🇸 Spain,,2026-09-27T17:46:11Z,OUT,0,5,49,198,tracked_prior
Slumber: Sleep Cycle Tracker,6758740138,iphone,despertar mejor,es,🇪🇸 Spain,,2026-09-27T17:46:13Z,OUT,0,5,15,33,tracked_prior
Slumber: Sleep Cycle Tracker,6758740138,iphone,despertador con misiones,es,🇪🇸 Spain,natural: plural of subtitle phrase,2026-09-28T00:18:54Z,OUT,0,5,5,24,added_2026-09-27
Slumber: Sleep Cycle Tracker,6758740138,iphone,alarma con misiones,es,🇪🇸 Spain,natural: name 'alarma' + subtitle 'misión',2026-09-28T00:18:55Z,OUT,0,5,5,25,added_2026-09-27
Slumber: Sleep Cycle Tracker,6758740138,iphone,simulador de amanecer,es,🇪🇸 Spain,natural: kw 'amanecer' (dawn-simulator concept),2026-09-28T00:18:58Z,OUT,0,5,5,5,added_2026-09-27
Slumber: Sleep Cycle Tracker,6758740138,iphone,alarmas fuertes,es,🇪🇸 Spain,competitor: 'Despertador: Alarmas Fuertes',2026-09-28T00:18:58Z,OUT,0,5,50,175,added_2026-09-27
Slumber: Sleep Cycle Tracker,6758740138,iphone,alarma con tareas,es,🇪🇸 Spain,competitor: 'Alarma con 250 sonidos y tarea',2026-09-28T00:19:01Z,OUT,0,5,11,18,added_2026-09-27
Slumber: Sleep Cycle Tracker,6758740138,iphone,despertador sin snooze,es,🇪🇸 Spain,competitor: Wayk subtitle 'No más snooze',2026-09-28T00:19:01Z,OUT,0,5,5,18,added_2026-09-27
