Term,Fit,Pop,Diff,Our Rank,Top3 Owner (ratings),Score,Target Position D28,Protecting/Needed Tokens,CPP Candidate,Note
sunrise wake up,FIT,5,5,7,Glow Alarm - Wake Up Light (37) ; The Sunrise Alarm (3) ; Sunrise Alarm Clock  - (37),DOMINATE,#1-3,PROTECT: sunrise(en-US:N) wake(en-US:N) up(en-US:N),,
sunrise clock,FIT,5,9,7,Glow Alarm - Wake Up Light (37) ; Sunrise Clock: Loud Alarm (0) ; Sunrise Alarm Clock  - (37),DOMINATE,#1-3,PROTECT: sunrise(en-US:N) clock(en-US:N),,
sunrise wake up light,FIT,5,5,13,Wake Up Light – Sunrise Alar (95) ; Glow Alarm - Wake Up Light (37) ; Light Alarm — Wake-Up Light (73),DOMINATE,#1-3,PROTECT: sunrise(en-US:N) wake(en-US:N) up(en-US:N) light(en-US:S),CPP-3 light-wake en-US+es,
wake up gently,FIT,5,17,13,Clock - Wake Up Gently (402) ; Wonderwake: Gentle Alarm Clo (665) ; Soft Alarm - Gentle Wake Up (0),DOMINATE,#1-3 (needs gently),PROTECT: wake(en-US:N) up(en-US:N) | needs: gently,,
gentle sunrise alarm,FIT,5,7,14,Gentle Alarm Clock by Ambien (0) ; Glow Alarm - Wake Up Light (37) ; Wonderwake: Gentle Alarm Clo (665),DOMINATE,#1-3,PROTECT: gentle(en-US:S) sunrise(en-US:N) alarm(en-US:N),CPP-3 light-wake en-US+es,
sunrise alarm lite,PARTIAL,5,7,14,Dawn - Sunrise Alarm Lite (2) ; DawnLight - Sunrise Alarm (0) ; Sunrise Alarm for Smart Ligh (13),DOMINATE,#1-3 (needs lite),PROTECT: sunrise(en-US:N) alarm(en-US:N) | needs: lite,,
heavy sleepers,FIT,5,17,15,Rooster: Heavy Sleeper Alarm (52) ; Alarmy - Loud alarm clock (247525) ; SuperAlarm - Loud Alarm Cloc (5125),DOMINATE,#5-10,PROTECT: heavy(en-US:S) sleepers(en-US:S),CPP-1 en-US missions/heavy-sleepers,
sunrise alarm,FIT,23,9,16,Glow Alarm - Wake Up Light (37) ; Light Alarm — Wake-Up Light (73) ; Dawn - Sunrise Alarm Lite (2),DOMINATE,#3-6,PROTECT: sunrise(en-US:N) alarm(en-US:N),,
alarm clock heavy sleeper,FIT,5,49,17,Loud Alarm Clock – the LOUDE (39053) ; Alarmy - Loud alarm clock (247525) ; SuperAlarm - Loud Alarm Cloc (5125),DOMINATE,#5-10,PROTECT: alarm(en-US:N) clock(en-US:N) heavy(en-US:S) sleepers(en-US:S),CPP-1 en-US missions/heavy-sleepers,
sunrise light alarm,FIT,5,15,17,Light Alarm — Wake-Up Light (73) ; Glow Alarm - Wake Up Light (37) ; Light Alarm (69),DOMINATE,#3-6,PROTECT: sunrise(en-US:N) light(en-US:S) alarm(en-US:N),CPP-3 light-wake en-US+es,
wake up heavy sleepers,FIT,5,11,19,Rooster: Heavy Sleeper Alarm (52) ; Alarm for Heavy Sleepers: Lo (23) ; Alarm Heavy Sleepers - Wakey (0),DOMINATE,#3-6,PROTECT: wake(en-US:N) up(en-US:N) heavy(en-US:S) sleepers(en-US:S),CPP-1 en-US missions/heavy-sleepers,
wake up at sunrise,PARTIAL,5,5,20,Sunrise Alarm Clock  - (37) ; Wake Up Light – Sunrise Alar (95) ; Glow Alarm - Wake Up Light (37),DOMINATE,#3-6,PROTECT: wake(en-US:N) up(en-US:N) sunrise(en-US:N),,
sunrise sleep,FIT,25,9,21,Sunrise.sleep (8) ; Circadian: Sunrise Sleep (0) ; Sunrise Alarm: Wake & Sleep (0),DOMINATE,#3-6,PROTECT: sunrise(en-US:N) sleep(en-US:K),,
heavy sleeper,FIT,5,23,24,Alarmy - Loud alarm clock (247525) ; SuperAlarm - Loud Alarm Cloc (5125) ; Heavy Sleeper (0),DOMINATE,#10-15,PROTECT: heavy(en-US:S) sleepers(en-US:S),CPP-1 en-US missions/heavy-sleepers,
heavy sleeper alarm clock,FIT,5,37,24,Loud Alarm Clock – the LOUDE (39053) ; Loud Alarm Clock LOUDEST Sle (7976) ; Loud Alarm Clock - RiseUp (2),DOMINATE,#10-15,PROTECT: heavy(en-US:S) sleepers(en-US:S) alarm(en-US:N) clock(en-US:N),CPP-1 en-US missions/heavy-sleepers,
wake up clock,FIT,5,39,25,WakeProof: Mission Wake Alar (9) ; Alarmy - Loud alarm clock (247525) ; Alarm Clock: Smart Waking Up (1937),DOMINATE,#10-15,PROTECT: wake(en-US:N) up(en-US:N) clock(en-US:N),,
wakeup,PARTIAL,25,13,27,WakeUp课程表-超级好用早八必备 (37) ; WAKE UP: stop snoozing (75) ; Wake Up: Quit Porn for 7 Day (533),DOMINATE,#3-6 (needs wakeup),PROTECT: - | needs: wakeup,,
gentle wake up,FIT,5,21,27,Light Alarm — Wake-Up Light (73) ; Wonderwake: Gentle Alarm Clo (665) ; Asayume: Gentle Wake Up Alar (0),DOMINATE,#3-6,PROTECT: gentle(en-US:S) wake(en-US:N) up(en-US:N),CPP-3 light-wake en-US+es,
wake up alarm,FIT,6,52,29,Alarmy - Loud alarm clock (247525) ; Wayk: Alarm Clock to Wake Up (19477) ; SuperAlarm - Loud Alarm Cloc (5125),DOMINATE,#10-15,PROTECT: wake(en-US:N) up(en-US:N) alarm(en-US:N),,
alarm clock for heavy sleepers,FIT,6,62,30,Alarmy - Loud alarm clock (247525) ; SuperAlarm - Loud Alarm Cloc (5125) ; Alarm for Heavy Sleepers: Lo (23),DOMINATE,#10-15,PROTECT: alarm(en-US:N) clock(en-US:N) heavy(en-US:S) sleepers(en-US:S),CPP-1 en-US missions/heavy-sleepers,
wake up light,FIT,5,11,30,Wake Up Light – Sunrise Alar (95) ; Light Alarm — Wake-Up Light (73) ; Glow Alarm - Wake Up Light (37),DOMINATE,#3-6,PROTECT: wake(en-US:N) up(en-US:N) light(en-US:S),CPP-3 light-wake en-US+es,csv#18 vs serp#30
dawn alarm,FIT,5,5,38,Dawn Alarm (26) ; DawnLight - Sunrise Alarm (0) ; Dawn - Sunrise Alarm Lite (2),DOMINATE,#5-10,PROTECT: dawn(en-US:K) alarm(en-US:N),CPP-3 light-wake en-US+es,
sunlight alarm,FIT,5,11,38,Glow Alarm - Wake Up Light (37) ; Light Alarm — Wake-Up Light (73) ; Sunlight Alarm (0),DOMINATE,#5-10 (needs sunlight),PROTECT: alarm(en-US:N) | needs: sunlight,CPP-3 light-wake en-US+es,
sunrise alarm clock,FIT,8,15,50,Glow Alarm - Wake Up Light (37) ; Light Alarm — Wake-Up Light (73) ; Sunrise Alarm Clock  - (37),DOMINATE,#5-10,PROTECT: sunrise(en-US:N) alarm(en-US:N) clock(en-US:N),,
gentle light alarm,FIT,5,11,59,Light Alarm — Wake-Up Light (73) ; Glow Alarm - Wake Up Light (37) ; Light Alarm (69),DOMINATE,#5-10,PROTECT: gentle(en-US:S) light(en-US:S) alarm(en-US:N),CPP-3 light-wake en-US+es,
sun alarm,FIT,5,13,71,Sun Alarm Clock (27) ; Sunrise Alarm Clock  - (37) ; Light Alarm — Wake-Up Light (73),DOMINATE,#5-10,PROTECT: sun(en-US:K) alarm(en-US:N),CPP-3 light-wake en-US+es,
wake up refreshed,FIT,5,11,124,sleepytime calculator (13) ; Light Alarm — Wake-Up Light (73) ; WAKE UP: stop snoozing (75),DOMINATE,#5-10 (needs refreshed),PROTECT: wake(en-US:N) up(en-US:N) | needs: refreshed,,
wake up missions,FIT,5,9,128,Alarm Clock: Wake Up Mission (0) ; Bible Alarm: Wake Up with Go (74) ; Mission Alarm Clock & Wake U (4),DOMINATE,#5-10,PROTECT: wake(en-US:N) up(en-US:N) mission(en-US:K),CPP-1 en-US missions/heavy-sleepers,
wake up mission,FIT,5,9,131,Alarm to Wake Up: MissionAla (1) ; Wake Up! Mission Alarm (0) ; Ryli: Alarm & Wake Up Missio (7),DOMINATE,#5-10,PROTECT: wake(en-US:N) up(en-US:N) mission(en-US:K),CPP-1 en-US missions/heavy-sleepers,
wake up fast,FIT,5,13,172,WAKE UP: stop snoozing (75) ; Wake Me Up - Wake-on-LAN (165) ; Alarm for Heavy Sleepers: Lo (23),DOMINATE,#5-10 (needs fast),present: wake(en-US:N) up(en-US:N) | needs: fast,,
alarm with missions,FIT,5,15,OUT,Ruffup: Alarm with Missions (86) ; Mission Alarm Clock & Wake U (4) ; ByeBed - Alarm with Missions (46),DOMINATE,#5-10,present: alarm(en-US:N) mission(en-US:K),CPP-1 en-US missions/heavy-sleepers,
alarm clock with missions,FIT,5,15,OUT,Alarm Clock Challenge: Wake  (19) ; Roostavo - Mission Alarm Clo (31) ; AlarmK: Mission Alarm Clock (8),DOMINATE,#5-10,present: alarm(en-US:N) clock(en-US:N) mission(en-US:K),CPP-1 en-US missions/heavy-sleepers,
stop snoozing,FIT,5,15,OUT,WAKE UP: stop snoozing (75) ; Nooze: Stop Snoozing (661) ; Upstart - Stop Snoozing (0),DOMINATE,#5-10 (needs stop+snoozing),present: - | needs: stop snoozing,CPP-1 en-US missions/heavy-sleepers,
sunrise alarm free,FIT,5,11,34,One Touch Alarm Clock (10884) ; Glow Alarm - Wake Up Light (37) ; The Sunrise Alarm (3),CLIMB,#17-23 if promoted to subtitle; #25-30 kw-only,PROTECT: sunrise(en-US:N) alarm(en-US:N) | needs: free,,
sunrise lamp,PARTIAL,5,37,36,Wake Up Light – Sunrise Alar (95) ; Sunrise Sunset Notification (0) ; Govee Home (10454),CLIMB,#18-25 if promoted to subtitle; #27-32 kw-only,PROTECT: sunrise(en-US:N) lamp(en-US:K),,
alarm clock wake up,FIT,5,53,38,Clock - Wake Up Gently (402) ; Wayk: Alarm Clock to Wake Up (19477) ; Alarm Clock - Wake up Music (35750),CLIMB,#19-26 if promoted to subtitle; #28-34 kw-only,PROTECT: alarm(en-US:N) clock(en-US:N) wake(en-US:N) up(en-US:N),,
waking up,PARTIAL,46,60,42,Waking Up: Meditation & Wisd (42643) ; Wayk: Alarm Clock to Wake Up (19477) ; Erly: Wake Up Early (15935),CLIMB,#21-29 if promoted to subtitle; #31-37 kw-only,PROTECT: up(en-US:N) | needs: waking,,
sunrise alarm clock sounds,PARTIAL,5,46,42,Alarm Clock (1997) ; Alarm Clock - Wake up Music (35750) ; Sunrise Alarm Clock & Sounds (0),CLIMB,#21-29 if promoted to subtitle; #31-37 kw-only,PROTECT: sunrise(en-US:N) alarm(en-US:N) clock(en-US:N) sounds(en-US:K),,
super loud alarm clock,FIT,5,42,45,Loud Alarm Clock – the LOUDE (39053) ; Alarmy - Loud alarm clock (247525) ; Loud Alarm Clock LOUDEST Sle (7976),CLIMB,#22-31 if promoted to subtitle; #33-40 kw-only,PROTECT: loud(en-US:K) alarm(en-US:N) clock(en-US:N) | needs: super,CPP-1 en-US missions/heavy-sleepers,
best alarm clock,FIT,5,67,49,Alarmy - Loud alarm clock (247525) ; Alarm Clock for Me - Wake Up (123695) ; Loud Alarm Clock – the LOUDE (39053),CLIMB,#24-34 if promoted to subtitle; #36-44 kw-only,PROTECT: alarm(en-US:N) clock(en-US:N) | needs: best,,
gentle alarm,FIT,18,23,51,Wonderwake: Gentle Alarm Clo (665) ; Sleepwave: Alarm & Tracker (6589) ; Peter's Gentle Alarm (3),CLIMB,#25-35 if promoted to subtitle; #38-45 kw-only,PROTECT: gentle(en-US:S) alarm(en-US:N),CPP-3 light-wake en-US+es,
alarm clock no snooze,FIT,5,49,57,n/a,CLIMB,#28-39 if promoted to subtitle; #42-51 kw-only,PROTECT: alarm(en-US:N) clock(en-US:N) snooze(en-US:K),CPP-1 en-US missions/heavy-sleepers,
heavy sleeper alarm,FIT,5,21,59,Loud Alarm For Heavy Sleeper (1) ; Heavy Sleeper Alarm - Hypnos (0) ; Alarmy - Loud alarm clock (247525),CLIMB,#29-41 if promoted to subtitle; #44-53 kw-only,PROTECT: heavy(en-US:S) sleepers(en-US:S) alarm(en-US:N),CPP-1 en-US missions/heavy-sleepers,
wake up light alarm,FIT,5,23,62,Light Alarm — Wake-Up Light (73) ; Glow Alarm - Wake Up Light (37) ; Wake Up Light – Sunrise Alar (95),CLIMB,#31-43 if promoted to subtitle; #46-55 kw-only,PROTECT: wake(en-US:N) up(en-US:N) light(en-US:S) alarm(en-US:N),CPP-3 light-wake en-US+es,
wake up early,PARTIAL,5,39,62,n/a,CLIMB,#31-43 if promoted to subtitle; #46-55 kw-only,PROTECT: wake(en-US:N) up(en-US:N) | needs: early,,
gentle alarm clock,FIT,9,45,63,Wonderwake: Gentle Alarm Clo (665) ; Gentle Alarm Clock by Ambien (0) ; Sleepwave: Alarm & Tracker (6589),CLIMB,#31-44 if promoted to subtitle; #47-56 kw-only,PROTECT: gentle(en-US:S) alarm(en-US:N) clock(en-US:N),CPP-3 light-wake en-US+es,
alarm for deep sleepers,FIT,5,52,63,n/a,CLIMB,#31-44 if promoted to subtitle; #47-56 kw-only,PROTECT: alarm(en-US:N) sleepers(en-US:S) | needs: deep,CPP-1 en-US missions/heavy-sleepers,
alarm clock app,FIT,5,65,65,n/a,CLIMB,#32-45 if promoted to subtitle; #48-58 kw-only,PROTECT: alarm(en-US:N) clock(en-US:N) | needs: app,,
wake up alarm clock,FIT,5,50,67,n/a,CLIMB,#33-46 if promoted to subtitle; #50-60 kw-only,PROTECT: wake(en-US:N) up(en-US:N) alarm(en-US:N) clock(en-US:N),,
alarm clock loud,FIT,5,41,68,n/a,CLIMB,#34-47 if promoted to subtitle; #51-61 kw-only,PROTECT: alarm(en-US:N) clock(en-US:N) loud(en-US:K),CPP-1 en-US missions/heavy-sleepers,
deep sleeper alarm,FIT,5,43,69,n/a,CLIMB,#34-48 if promoted to subtitle; #51-62 kw-only,PROTECT: sleepers(en-US:S) alarm(en-US:N) | needs: deep,CPP-1 en-US missions/heavy-sleepers,
i cant wake up,FIT,9,50,71,Alarmy - Loud alarm clock (247525) ; Instant Wake Up - Alarm Cloc (501) ; Wayk: Alarm Clock to Wake Up (19477),CLIMB,#35-49 if promoted to subtitle; #53-63 kw-only,PROTECT: wake(en-US:N) up(en-US:N) | needs: i cant,,
alarm clock with math,FIT,5,19,76,Mathe Alarm Clock - Math Ala (8361) ; My Math Alarm Clock (541) ; Math Puzzle Alarm Clock (1),CLIMB,#38-53 if promoted to subtitle; #57-68 kw-only,PROTECT: alarm(en-US:N) clock(en-US:N) math(en-US:K),CPP-1 en-US missions/heavy-sleepers,
mathe alarm,FIT,6,23,79,Mathe Alarm Clock - Math Ala (8361) ; My Math Alarm Clock (541) ; Math Alarm Clock - Wake up! (1333),CLIMB,#39-55 if promoted to subtitle; #59-71 kw-only,PROTECT: alarm(en-US:N) | needs: mathe,CPP-1 en-US missions/heavy-sleepers,
alarm math,FIT,11,41,82,Mathe Alarm Clock - Math Ala (8361) ; Alarmy - Loud alarm clock (247525) ; Smart Alarm Clock - Waking U (8662),CLIMB,#41-57 if promoted to subtitle; #61-73 kw-only,PROTECT: alarm(en-US:N) math(en-US:K),CPP-1 en-US missions/heavy-sleepers,
mathe alarm clock,FIT,7,21,83,Mathe Alarm Clock - Math Ala (8361) ; Alarmy - Loud alarm clock (247525) ; MathWake Loud Math Alarm Clo (14),CLIMB,#41-58 if promoted to subtitle; #62-74 kw-only,PROTECT: alarm(en-US:N) clock(en-US:N) | needs: mathe,CPP-1 en-US missions/heavy-sleepers,
light alarm,FIT,6,17,88,Light Alarm — Wake-Up Light (73) ; Glow Alarm - Wake Up Light (37) ; Light Alarm (Lite) (159),CLIMB,#44-61 if promoted to subtitle; #66-79 kw-only,PROTECT: light(en-US:S) alarm(en-US:N),CPP-3 light-wake en-US+es,
math alarm clock,FIT,7,45,92,Mathe Alarm Clock - Math Ala (8361) ; Alarmy - Loud alarm clock (247525) ; Smart Alarm Clock - Waking U (8662),CLIMB,#46-64 if promoted to subtitle; #69-82 kw-only,PROTECT: math(en-US:K) alarm(en-US:N) clock(en-US:N),CPP-1 en-US missions/heavy-sleepers,
dawn alarm clock,FIT,5,17,97,Dawn Alarm Clock & Sleep Tim (16) ; Dawn: Alarm Clock & Pomodoro (0) ; Sunrise Alarm Clock – Dawn S (19),CLIMB,#48-67 if promoted to subtitle; #72-87 kw-only,PROTECT: dawn(en-US:K) alarm(en-US:N) clock(en-US:N),CPP-3 light-wake en-US+es,
smart wake,FIT,5,19,98,SmartWake - Alarm Clock (1) ; Sleepwave: Alarm & Tracker (6589) ; SmartWake: Smart Alarm (0),CLIMB,#49-68 if promoted to subtitle; #73-88 kw-only,PROTECT: smart(en-US:K) wake(en-US:N),,
sunrise alarm app,FIT,5,9,100,Glow Alarm - Wake Up Light (37) ; Light Alarm — Wake-Up Light (73) ; Sleepwave: Alarm & Tracker (6589),CLIMB,#50-70 if promoted to subtitle; #75-90 kw-only,PROTECT: sunrise(en-US:N) alarm(en-US:N) | needs: app,,
alarm clock with light,FIT,5,51,103,n/a,CLIMB,#51-72 if promoted to subtitle; #77-92 kw-only,PROTECT: alarm(en-US:N) clock(en-US:N) light(en-US:S),CPP-3 light-wake en-US+es,
annoying alarm clock,PARTIAL,5,46,107,n/a,CLIMB,#53-74 if promoted to subtitle; #80-96 kw-only,PROTECT: alarm(en-US:N) clock(en-US:N) | needs: annoying,,
light alarm clock,FIT,5,42,107,n/a,CLIMB,#53-74 if promoted to subtitle; #80-96 kw-only,PROTECT: light(en-US:S) alarm(en-US:N) clock(en-US:N),CPP-3 light-wake en-US+es,
sleep cycle alarm,FIT,5,45,116,n/a,CLIMB,#58-81 if promoted to subtitle; #87-104 kw-only,PROTECT: sleep(en-US:K) cycle(en-US:K) alarm(en-US:N),,
loudest alarm clock,FIT,17,47,131,Loud Alarm Clock – the LOUDE (39053) ; Loud Alarm Clock LOUDEST Sle (7976) ; Alarmy - Loud alarm clock (247525),CLIMB,#65-91 if promoted to subtitle; #98-117 kw-only,PROTECT: alarm(en-US:N) clock(en-US:N) | needs: loudest,,
sleep alarm,FIT,19,62,133,Alarmy - Loud alarm clock (247525) ; Sleepwave: Alarm & Tracker (6589) ; Sleep Cycle - Tracker & Soun (29514),CLIMB,#66-93 if promoted to subtitle; #99-119 kw-only,PROTECT: sleep(en-US:K) alarm(en-US:N),,
anti snooze alarm,FIT,5,41,139,n/a,CLIMB,#69-97 if promoted to subtitle; #104-125 kw-only,PROTECT: snooze(en-US:K) alarm(en-US:N) | needs: anti,CPP-1 en-US missions/heavy-sleepers,
alarm mathe,FIT,6,17,141,Mathe Alarm Clock - Math Ala (8361) ; MathWake Loud Math Alarm Clo (14) ; Alarme: Scan & Math Alarm (0),CLIMB,#70-98 if promoted to subtitle; #105-126 kw-only,PROTECT: alarm(en-US:N) | needs: mathe,CPP-1 en-US missions/heavy-sleepers,
smart alarm clock,FIT,5,47,142,n/a,CLIMB,#71-99 if promoted to subtitle; #106-127 kw-only,PROTECT: smart(en-US:K) alarm(en-US:N) clock(en-US:N),,
alarm for heavy sleepers,FIT,19,52,146,Alarmy - Loud alarm clock (247525) ; Wayk: Alarm Clock to Wake Up (19477) ; SuperAlarm - Loud Alarm Cloc (5125),CLIMB,#73-102 if promoted to subtitle; #109-131 kw-only,PROTECT: alarm(en-US:N) heavy(en-US:S) sleepers(en-US:S),CPP-1 en-US missions/heavy-sleepers,
mission alarm clock,FIT,5,11,149,Wayk: Alarm Clock to Wake Up (19477) ; Mission Alarm Clock & Wake U (4) ; RiseUp: Mission Alarm Clock (0),CLIMB,#74-104 if promoted to subtitle; #111-134 kw-only,PROTECT: mission(en-US:K) alarm(en-US:N) clock(en-US:N),CPP-1 en-US missions/heavy-sleepers,
sunrise,PARTIAL,9,43,150,Sunrise Sunset Times (19443) ; My Sunrise (215) ; Sunset Predictions: Alpenglo (2030),CLIMB,#75-105 if promoted to subtitle; #112-135 kw-only,PROTECT: sunrise(en-US:N),,
extra loud alarm,FIT,5,40,165,n/a,CLIMB,#82-115 if promoted to subtitle; #123-148 kw-only,present: loud(en-US:K) alarm(en-US:N) | needs: extra,CPP-1 en-US missions/heavy-sleepers,
very loud alarm,FIT,5,39,217,n/a,CLIMB,#108-151 if promoted to subtitle; #162-195 kw-only,present: loud(en-US:K) alarm(en-US:N) | needs: very,CPP-1 en-US missions/heavy-sleepers,
snooze proof alarm,FIT,5,37,223,n/a,CLIMB,#111-156 if promoted to subtitle; #167-200 kw-only,present: snooze(en-US:K) alarm(en-US:N) | needs: proof,CPP-1 en-US missions/heavy-sleepers,
sleep time,PARTIAL,9,39,OUT,Sleep Time: Cycle Alarm Cloc (5371) ; Sleep Time - Alarm Calculato (6) ; Sleep Time+ Cycle Alarm Cloc (2482),CLIMB,top 60-120 if time added,present: sleep(en-US:K) | needs: time,,
mission alarm,FIT,5,13,OUT,Mission Alarm Clock & Wake U (4) ; Wayk: Alarm Clock to Wake Up (19477) ; Instant Wake Up - Alarm Cloc (501),CLIMB,top 20-50 (tokens already present; needs signals),present: mission(en-US:K) alarm(en-US:N),CPP-1 en-US missions/heavy-sleepers,
no snooze,FIT,5,11,OUT,NoSnooze: Wake Up Alarm (3) ; NoSnooze-Alarm Clock Compani (0) ; SuperAlarm - Loud Alarm Cloc (5125),CLIMB,top 20-50 (tokens already present; needs signals),present: snooze(en-US:K),CPP-1 en-US missions/heavy-sleepers,
cant snooze,FIT,5,17,OUT,So Alarmed: Anti-Snooze Alar (3) ; Loud Alarm Clock - Can't be  (5) ; Dawnce (2),CLIMB,top 20-50 if cant added,present: snooze(en-US:K) | needs: cant,CPP-1 en-US missions/heavy-sleepers,
dawn simulator,FIT,5,17,OUT,Sunrise Alarm Clock – Dawn S (19) ; Wake Up Light – Sunrise Alar (95) ; Empire City: Civilization Da (1456),CLIMB,top 20-50 if simulator added,present: dawn(en-US:K) | needs: simulator,CPP-3 light-wake en-US+es,
alarm missions,FIT,5,17,OUT,Wayk: Alarm Clock to Wake Up (19477) ; AlarmBear (0) ; SuperAlarm - Loud Alarm Cloc (5125),CLIMB,top 20-50 (tokens already present; needs signals),present: alarm(en-US:N) mission(en-US:K),CPP-1 en-US missions/heavy-sleepers,
mission alarm app,FIT,5,13,OUT,Mission Alarm Clock & Wake U (4) ; Wayk: Alarm Clock to Wake Up (19477) ; Instant Wake Up - Alarm Cloc (501),CLIMB,top 20-50 if app added,present: mission(en-US:K) alarm(en-US:N) | needs: app,CPP-1 en-US missions/heavy-sleepers,
alarm with math problems,FIT,5,39,OUT,n/a,CLIMB,top 60-120 if problems added,present: alarm(en-US:N) math(en-US:K) | needs: problems,CPP-1 en-US missions/heavy-sleepers,
alarm with puzzles,FIT,5,17,OUT,Alarm Clock Challenge: Wake  (19) ; Mathe Alarm Clock - Math Ala (8361) ; Wakup!: Puzzle Alarm Clock (35),CLIMB,top 20-50 (tokens already present; needs signals),present: alarm(en-US:N) puzzle(en-US:K),CPP-1 en-US missions/heavy-sleepers,
alarm without snooze,FIT,5,19,OUT,BarLock: Barcode Alarm (3) ; Silent Wake: Vibrate Alarm (13) ; Snoozless: Mission Alarm Clo (11),CLIMB,top 20-50 if without added,present: alarm(en-US:N) snooze(en-US:K) | needs: without,CPP-1 en-US missions/heavy-sleepers,
loud wake up alarm,FIT,5,38,OUT,n/a,CLIMB,top 60-120 (tokens already present; needs signals),present: loud(en-US:K) wake(en-US:N) up(en-US:N) alarm(en-US:N),CPP-1 en-US missions/heavy-sleepers,
sunrise simulation,FIT,5,17,OUT,Sunrise Alarm Clock – Dawn S (19) ; Sun Finder: Sunlight & Shado (7) ; Sunrise Village Adventure Ga (20114),CLIMB,top 20-50 if simulation added,present: sunrise(en-US:N) | needs: simulation,,
wide awake,PARTIAL,5,13,OUT,WIDE AWAKE LIFE (1) ; Wakey Wakey - Stay awake! (152) ; Mathe Alarm Clock - Math Ala (8361),CLIMB,top 20-50 if wide+awake added,present: - | needs: wide awake,,
glow alarm,PARTIAL,5,17,OUT,Glow Alarm - Wake Up Light (37) ; Morning Glow Alarm (2) ; Light Alarm (Lite) (159),CLIMB,top 20-50 if glow added,present: alarm(en-US:N) | needs: glow,CPP-3 light-wake en-US+es,
light based alarm,FIT,5,37,OUT,n/a,CLIMB,top 60-120 if based added,present: light(en-US:S) alarm(en-US:N) | needs: based,CPP-3 light-wake en-US+es,
dawn simulation,FIT,5,21,OUT,Sunrise Alarm Clock – Dawn S (19) ; Empire City: Civilization Da (1456) ; Rysen Dawn (85),CLIMB,top 20-50 if simulation added,present: dawn(en-US:K) | needs: simulation,CPP-3 light-wake en-US+es,
alarm that wont turn off,FIT,5,39,OUT,n/a,CLIMB,top 60-120 if wont+turn+off added,present: alarm(en-US:N) | needs: wont turn off,,
alarm with tasks,FIT,5,39,OUT,n/a,CLIMB,top 60-120 if tasks added,present: alarm(en-US:N) | needs: tasks,,
alarm to wake up,FIT,5,41,163,n/a,LOTTERY,no top-30 in 28d,present: alarm(en-US:N) wake(en-US:N) up(en-US:N) | feeds: wake up alarm #29; sunrise wake up #7; wake up light #30; gentle wake up #27,,
puzzle alarm clock,FIT,29,45,167,Alarmy - Loud alarm clock (247525) ; Challenges Alarm Clock (2308) ; Mathe Alarm Clock - Math Ala (8361),LOTTERY,no top-30 in 28d,present: puzzle(en-US:K) alarm(en-US:N) clock(en-US:N) | feeds: feeds no ranked composition,,
wake up,PARTIAL,9,50,171,WAKE UP: stop snoozing (75) ; WakeUp课程表-超级好用早八必备 (37) ; Wayk: Alarm Clock to Wake Up (19477),LOTTERY,no top-30 in 28d,present: wake(en-US:N) up(en-US:N) | feeds: wake up alarm #29; sunrise wake up #7; wake up light #30; gentle wake up #27,,
puzzle alarm,FIT,11,42,178,Alarmy - Loud alarm clock (247525) ; SuperAlarm - Loud Alarm Cloc (5125) ; Mathe Alarm Clock - Math Ala (8361),LOTTERY,no top-30 in 28d,present: puzzle(en-US:K) alarm(en-US:N) | feeds: feeds no ranked composition,,
morning alarm,FIT,5,47,180,n/a,LOTTERY,no top-30 in 28d,present: morning(en-US:K) alarm(en-US:N) | feeds: feeds no ranked composition,,
snooze alarm,FIT,6,41,182,SnoozeOff: Loud Alarm Clock (1998) ; Wayk: Alarm Clock to Wake Up (19477) ; Auto Snooze (3),LOTTERY,no top-30 in 28d,present: snooze(en-US:K) alarm(en-US:N) | feeds: alarm clock no snooze #57,,
no snooze alarm,FIT,5,45,189,n/a,LOTTERY,no top-30 in 28d,present: snooze(en-US:K) alarm(en-US:N) | feeds: alarm clock no snooze #57,,
anti snooze,FIT,5,42,197,n/a,LOTTERY,no top-30 in 28d,present: snooze(en-US:K) | needs: anti | feeds: alarm clock no snooze #57,,
math alarm,FIT,6,45,201,Mathe Alarm Clock - Math Ala (8361) ; Alarmy - Loud alarm clock (247525) ; My Math Alarm Clock (541),LOTTERY,no top-30 in 28d,present: math(en-US:K) alarm(en-US:N) | feeds: alarm math #82; math alarm clock #92; alarm clock with math #76,,
deep sleep,PARTIAL,17,65,OUT,White Noise Deep Sleep Sound (208650) ; BetterSleep: Relax and Sleep (390751) ; Deep Sleep with AJ (146),LOTTERY,no top-30 in 28d,present: sleep(en-US:K) | needs: deep | feeds: alarm for deep sleepers #63; deep sleeper alarm #69; sunrise sleep #21,,
alarm puzzle,FIT,12,42,OUT,SuperAlarm - Loud Alarm Cloc (5125) ; Alarmy - Loud alarm clock (247525) ; Memory Alarm Clock (144),LOTTERY,no top-30 in 28d,present: alarm(en-US:N) puzzle(en-US:K) | feeds: feeds no ranked composition,,
morning routine,PARTIAL,9,57,OUT,"Routine Planner, Habit Track (17970) ; Morning Routine Checklist - (87) ; Morning Routine Evening Diar (1)",LOTTERY,no top-30 in 28d,present: morning(en-US:K) routine(en-US:K) | feeds: feeds no ranked composition,,
sleep monitor,FIT,9,71,OUT,"Sleep Monitor: Sleep Tracker (5287) ; ShutEye®: Sleep Tracker, Sou (349738) ; SleepWatch - Top Sleep Track (328447)",LOTTERY,no top-30 in 28d,present: sleep(en-US:K) | needs: monitor | feeds: sunrise sleep #21,,
smart alarm,FIT,7,51,OUT,Sleep Cycle - Tracker & Soun (29514) ; SuperAlarm - Loud Alarm Cloc (5125) ; Sleepwave: Alarm & Tracker (6589),LOTTERY,no top-30 in 28d,present: smart(en-US:K) alarm(en-US:N) | feeds: smart wake #98,,
loud alarm,FIT,7,50,OUT,Loud Alarm Clock – the LOUDE (39053) ; Loud Alarm Clock LOUDEST Sle (7976) ; Alarmy - Loud alarm clock (247525),LOTTERY,no top-30 in 28d,present: loud(en-US:K) alarm(en-US:N) | feeds: alarm clock loud #68; super loud alarm clock #45,,
free alarm clock,FIT,7,66,OUT,Alarm Clock HD (104149) ; One Touch Alarm Clock (10884) ; Alarm Clock for Me - Wake Up (123695),LOTTERY,no top-30 in 28d,present: alarm(en-US:N) clock(en-US:N) | needs: free | feeds: sunrise alarm free #34,,
alarm sounds,PARTIAL,6,53,OUT,Ringtones Maker - the ring a (432445) ; ZEDGE™ Ringtones & Wallpaper (196677) ; Music Alarm Clock for Spotif (5503),LOTTERY,no top-30 in 28d,present: alarm(en-US:N) sounds(en-US:K) | feeds: sunrise alarm clock sounds #42,,
sleep tracker free,FIT,6,61,OUT,"Sleep Tracker: Recorder, Sou (7933) ; ShutEye®: Sleep Tracker, Sou (349738) ; Sleep Cycle - Tracker & Soun (29514)",LOTTERY,no top-30 in 28d,present: sleep(en-US:K) tracker(en-US:K) | needs: free | feeds: sunrise sleep #21; sunrise alarm free #34,,
alarm clock free,FIT,6,71,OUT,Alarm Clock HD (104149) ; Clock (19719) ; Alarm Clock for Me - Wake Up (123695),LOTTERY,no top-30 in 28d,present: alarm(en-US:N) clock(en-US:N) | needs: free | feeds: sunrise alarm free #34,,
clock alarm,FIT,6,68,OUT,Clock (19719) ; Clock - Wake Up Gently (402) ; Alarmy - Loud alarm clock (247525),LOTTERY,no top-30 in 28d,present: clock(en-US:N) alarm(en-US:N) | feeds: feeds no ranked composition,,
custom alarm,PARTIAL,6,61,OUT,Alarmy - Loud alarm clock (247525) ; Ringtones Maker - the ring a (432445) ; Ringtone Maker - extract aud (23989),LOTTERY,no top-30 in 28d,present: alarm(en-US:N) | needs: custom | feeds: feeds no ranked composition,,
loud alarm sounds,PARTIAL,5,41,OUT,n/a,LOTTERY,no top-30 in 28d,present: loud(en-US:K) alarm(en-US:N) sounds(en-US:K) | feeds: alarm clock loud #68; super loud alarm clock #45; sunrise alarm clock sounds #42,,
sleep cycle tracker,FIT,5,52,OUT,n/a,LOTTERY,no top-30 in 28d,present: sleep(en-US:K) cycle(en-US:K) tracker(en-US:K) | feeds: sunrise sleep #21,,
gradual alarm,FIT,5,44,OUT,n/a,LOTTERY,no top-30 in 28d,present: alarm(en-US:N) | needs: gradual | feeds: feeds no ranked composition,,
hard alarm,FIT,5,48,OUT,n/a,LOTTERY,no top-30 in 28d,present: alarm(en-US:N) | needs: hard | feeds: feeds no ranked composition,,
progressive alarm,FIT,5,41,OUT,n/a,LOTTERY,no top-30 in 28d,present: alarm(en-US:N) | needs: progressive | feeds: feeds no ranked composition,,
alarm clock with tasks,FIT,5,42,OUT,n/a,LOTTERY,no top-30 in 28d,present: alarm(en-US:N) clock(en-US:N) | needs: tasks | feeds: feeds no ranked composition,,
math alarm app,FIT,5,43,OUT,n/a,LOTTERY,no top-30 in 28d,present: math(en-US:K) alarm(en-US:N) | needs: app | feeds: alarm math #82; math alarm clock #92; alarm clock with math #76; sunrise alarm app #100,,
math problem alarm,FIT,5,43,OUT,n/a,LOTTERY,no top-30 in 28d,present: math(en-US:K) alarm(en-US:N) | needs: problem | feeds: alarm math #82; math alarm clock #92; alarm clock with math #76,,
puzzle alarm app,FIT,5,46,OUT,n/a,LOTTERY,no top-30 in 28d,present: puzzle(en-US:K) alarm(en-US:N) | needs: app | feeds: sunrise alarm app #100; alarm clock app #65,,
annoying alarm,PARTIAL,5,45,OUT,n/a,LOTTERY,no top-30 in 28d,present: alarm(en-US:N) | needs: annoying | feeds: feeds no ranked composition,,
loud alarm app,FIT,5,44,OUT,n/a,LOTTERY,no top-30 in 28d,present: loud(en-US:K) alarm(en-US:N) | needs: app | feeds: alarm clock loud #68; super loud alarm clock #45; sunrise alarm app #100; alarm clock app #65,,
loud alarms,FIT,5,49,OUT,n/a,LOTTERY,no top-30 in 28d,present: loud(en-US:K) alarm(en-US:N) | feeds: alarm clock loud #68; super loud alarm clock #45,,
loudest alarm,FIT,5,42,OUT,n/a,LOTTERY,no top-30 in 28d,present: alarm(en-US:N) | needs: loudest | feeds: feeds no ranked composition,,
loudest alarm clock app,FIT,5,61,OUT,n/a,LOTTERY,no top-30 in 28d,present: alarm(en-US:N) clock(en-US:N) | needs: loudest app | feeds: sunrise alarm app #100; alarm clock app #65,,
best alarm app,FIT,5,52,OUT,n/a,LOTTERY,no top-30 in 28d,present: alarm(en-US:N) | needs: best app | feeds: sunrise alarm app #100; alarm clock app #65; best alarm clock #49,,
get out of bed,FIT,,,OUT,n/a,LOTTERY,no top-30 in 28d,present: - | needs: get out bed | feeds: feeds no ranked composition,,
alarm that makes you get up,FIT,34,44,147,Wayk: Alarm Clock to Wake Up (19477) ; Alarmy - Loud alarm clock (247525) ; Nooze: Stop Snoozing (661),UNWINNABLE,none; never spend chars,present: alarm(en-US:N) up(en-US:N) | needs: makes you get | feeds: wake up alarm #29; sunrise wake up #7; wake up light #30; gentle wake up #27,,
alarm clock for me,PARTIAL,30,62,206,Alarm Clock for Me - Wake Up (123695) ; Clock (19719) ; Alarm Clock HD (104149),UNWINNABLE,none; never spend chars,present: alarm(en-US:N) clock(en-US:N) | feeds: feeds no ranked composition,,
alarm clock,FIT,63,71,233,Alarmy - Loud alarm clock (247525) ; Clock (19719) ; Alarm Clock HD (104149),UNWINNABLE,none; never spend chars,present: alarm(en-US:N) clock(en-US:N) | feeds: feeds no ranked composition,,
alarm,PARTIAL,66,74,OUT,Alarmy - Loud alarm clock (247525) ; Wayk: Alarm Clock to Wake Up (19477) ; Clock (19719),UNWINNABLE,none; never spend chars,present: alarm(en-US:N) | feeds: feeds no ranked composition,,
sleep tracker,FIT,63,71,OUT,"SleepWatch - Top Sleep Track (328447) ; Sleep Cycle - Tracker & Soun (29514) ; ShutEye®: Sleep Tracker, Sou (349738)",UNWINNABLE,none; never spend chars,present: sleep(en-US:K) tracker(en-US:K) | feeds: sunrise sleep #21,,
sleep cycle,FIT,59,62,OUT,"Sleep Cycle - Tracker & Soun (29514) ; ShutEye®: Sleep Tracker, Sou (349738) ; Sleep Cycle: Sleep Tracker (33)",UNWINNABLE,none; never spend chars,present: sleep(en-US:K) cycle(en-US:K) | feeds: sunrise sleep #21,,
loud alarm clock,FIT,50,54,OUT,Loud Alarm Clock – the LOUDE (39053) ; Loud Alarm Clock LOUDEST Sle (7976) ; Alarmy - Loud alarm clock (247525),UNWINNABLE,none; never spend chars,present: loud(en-US:K) alarm(en-US:N) clock(en-US:N) | feeds: alarm clock loud #68; super loud alarm clock #45,,
alarm app,FIT,36,74,OUT,Alarmy - Loud alarm clock (247525) ; Clock (19719) ; Wayk: Alarm Clock to Wake Up (19477),UNWINNABLE,none; never spend chars,present: alarm(en-US:N) | needs: app | feeds: sunrise alarm app #100; alarm clock app #65,,
